,Provincie,Stad,Gem. vraagprijs,%Δ Vraagprijs (t.o.v vorige maand),Verkochte woningen,%Δ Verkochte woningen (t.o.v vorige maand),Gem. m² prijs,%Δ m² prijs (t.o.v vorige maand),% Vraagprijs overboden,%Δ Overboden (t.o.v vorige maand),Besteedbaar inkomen (per huishouden),Aantal inwoners,% Populatie stijging,% Populatie daling
0,Noord-Holland,Aalsmeer,"€ 600,000",                50.75%            ,14,                -6.67%            ,"€ 4,294",                5.63%            ,10.67%,                3.42%            ,"€ 45,800","31,859",0.41%,NA
1,Noord-Holland,Alkmaar,"€ 344,250",                14.75%            ,50,                -29.58%            ,"€ 3,769",                8.80%            ,14.05%,                1.43%            ,"€ 36,300","109,436",0.81%,NA
2,Noord-Holland,Amstelveen,"€ 605,000",                25.39%            ,25,                -47.92%            ,"€ 4,778",                3.04%            ,305.01%,                296.30%            ,"€ 37,800","91,675",0.92%,NA
3,Noord-Holland,Amsterdam,"€ 450,000",                7.78%            ,273,                -19.47%            ,"€ 6,911",                5.14%            ,16.09%,                0.34%            ,"€ 30,100","872,757",1.13%,NA
4,Noord-Holland,Beemster,"€ 612,000",                2.00%            ,4,                -42.86%            ,"€ 4,311",                -3.47%            ,-0.23%,                -12.10%            ,"€ 47,300","10,022",2.81%,NA
5,Noord-Holland,Bergen(NH),"€ 515,000",                -23.42%            ,9,                -52.63%            ,"€ 5,482",                14.90%            ,10.31%,                3.31%            ,"€ 41,800","29,839",NA,0.45%
6,Noord-Holland,Beverwijk,"€ 307,000",                -3.91%            ,16,                -46.67%            ,"€ 3,704",                7.30%            ,15.68%,                3.71%            ,"€ 36,300","41,626",1.09%,NA
7,Noord-Holland,Blaricum,"€ 1,695,000",                95.39%            ,12,                20.00%            ,"€ 9,059",                87.56%            ,6.19%,                5.04%            ,"€ 49,000","11,538",3.02%,NA
8,Noord-Holland,Bloemendaal,"€ 1,195,000",                5.05%            ,17,                183.33%            ,"€ 6,456",                0.42%            ,12.43%,                2.74%            ,"€ 53,800","23,571",0.69%,NA
9,Noord-Holland,Castricum,"€ 470,000",                50.52%            ,12,                9.09%            ,"€ 3,959",                8.85%            ,12.30%,                -2.17%            ,"€ 45,600","35,986",0.60%,NA
10,Noord-Holland,DenHelder,"€ 212,500",                6.78%            ,24,                -29.41%            ,"€ 2,078",                5.64%            ,19.17%,                3.99%            ,"€ 33,300","56,296",1.24%,NA
11,Noord-Holland,Diemen,"€ 395,000",                3.40%            ,13,                8.33%            ,"€ 4,545",                5.65%            ,18.20%,                4.47%            ,"€ 34,000","30,780",5.43%,NA
12,Noord-Holland,Drechterland,"€ 365,000",                -15.12%            ,2,                -71.43%            ,"€ 2,799",                -29.14%            ,12.69%,                2.20%            ,"€ 42,700","19,719",0.62%,NA
13,Noord-Holland,Edam-Volendam,"€ 375,000",                8.70%            ,7,                -58.82%            ,"€ 3,253",                -13.04%            ,3.86%,                -1.68%            ,"€ 45,600","36,197",0.27%,NA
14,Noord-Holland,Enkhuizen,"€ 395,000",                51.92%            ,4,                -33.33%            ,"€ 2,870",                19.38%            ,14.01%,                -3.83%            ,"€ 35,600","18,591",0.45%,NA
15,Noord-Holland,GooiseMeren,"€ 512,500",                -4.21%            ,41,                36.67%            ,"€ 4,602",                2.11%            ,10.99%,                2.86%            ,"€ 42,800","58,055",0.59%,NA
16,Noord-Holland,Haarlem,"€ 500,000",                34.23%            ,111,                38.75%            ,"€ 5,174",                12.85%            ,18.66%,                0.90%            ,"€ 36,300","162,902",1.02%,NA
17,Noord-Holland,Haarlemmermeer,"€ 450,000",                13.92%            ,63,                -7.35%            ,"€ 3,881",                -2.85%            ,14.08%,                0.31%            ,"€ 45,200","156,002",1.14%,NA
18,Noord-Holland,Heemskerk,"€ 332,250",                -15.89%            ,16,                -23.81%            ,"€ 3,448",                -5.66%            ,17.12%,                -0.10%            ,"€ 39,500","39,182",0.05%,NA
19,Noord-Holland,Heemstede,"€ 765,000",                9.29%            ,19,                72.73%            ,"€ 5,515",                8.82%            ,17.48%,                4.48%            ,"€ 47,600","27,234",NA,0.19%
20,Noord-Holland,Heerhugowaard,"€ 325,000",                4.00%            ,25,                -16.67%            ,"€ 2,989",                5.96%            ,16.59%,                1.66%            ,"€ 41,800","57,587",1.49%,NA
21,Noord-Holland,Heiloo,"€ 550,000",                39.24%            ,18,                80.00%            ,"€ 4,201",                3.86%            ,7.00%,                -0.53%            ,"€ 44,000","23,968",2.15%,NA
22,Noord-Holland,Hilversum,"€ 434,750",                24.21%            ,56,                14.29%            ,"€ 4,129",                6.44%            ,13.58%,                4.13%            ,"€ 36,500","90,831",0.66%,NA
23,Noord-Holland,HollandsKroon,"€ 225,000",                -17.88%            ,23,                -23.33%            ,"€ 2,526",                -6.69%            ,11.23%,                -2.55%            ,"€ 39,900","48,432",1.29%,NA
24,Noord-Holland,Hoorn,"€ 350,000",                19.76%            ,25,                -34.21%            ,"€ 3,053",                -2.74%            ,14.77%,                1.44%            ,"€ 37,400","73,261",0.35%,NA
25,Noord-Holland,Huizen,"€ 522,500",                15.15%            ,18,                125.00%            ,"€ 4,875",                20.34%            ,8.32%,                -3.36%            ,"€ 40,700","41,273",0.00%,NA
26,Noord-Holland,Koggenland,"€ 400,000",                37.93%            ,9,                -47.06%            ,"€ 3,148",                0.74%            ,15.81%,                3.88%            ,"€ 44,100","22,749",0.05%,NA
27,Noord-Holland,Landsmeer,"€ 600,000",                -10.91%            ,5,                150.00%            ,"€ 5,078",                0.04%            ,13.12%,                -2.61%            ,"€ 46,800","11,491",0.03%,NA
28,Noord-Holland,Langedijk,"€ 399,000",                25.77%            ,9,                -35.71%            ,"€ 3,324",                17.62%            ,8.28%,                -0.59%            ,"€ 43,800","28,163",0.61%,NA
29,Noord-Holland,Laren,"€ 930,000",                19.23%            ,9,                12.50%            ,"€ 6,213",                -7.60%            ,8.98%,                0.77%            ,"€ 48,800","11,282",0.76%,NA
30,Noord-Holland,Medemblik,"€ 330,000",                -14.06%            ,12,                -52.00%            ,"€ 2,969",                -12.57%            ,14.97%,                4.30%            ,"€ 40,500","45,101",0.65%,NA
31,Noord-Holland,Oostzaan,"€ 550,000",                39.24%            ,3,                -50.00%            ,"€ 4,074",                8.09%            ,7.78%,                -5.15%            ,"€ 46,000","9,735",NA,0.23%
32,Noord-Holland,Opmeer,"€ 642,500",                133.64%            ,2,                100.00%            ,"€ 3,006",                20.24%            ,14.55%,                0.21%            ,"€ 41,700","11,836",0.48%,NA
33,Noord-Holland,Ouder-Amstel,"€ 580,000",                16.00%            ,7,                -36.36%            ,"€ 5,105",                -1.73%            ,4.45%,                -1.73%            ,"€ 42,600","14,026",0.79%,NA
34,Noord-Holland,Purmerend,"€ 337,500",                12.50%            ,33,                -32.65%            ,"€ 3,299",                1.48%            ,11.85%,                1.03%            ,"€ 38,200","81,249",1.41%,NA
35,Noord-Holland,Schagen,"€ 340,000",                -1.31%            ,15,                -46.43%            ,"€ 2,908",                -12.75%            ,8.72%,                -0.40%            ,"€ 39,900","46,483",NA,0.15%
36,Noord-Holland,StedeBroec,"€ 287,500",                -5.58%            ,10,                -28.57%            ,"€ 2,865",                4.30%            ,13.11%,                -3.63%            ,"€ 39,400","21,726",0.09%,NA
37,Noord-Holland,Texel,"€ 335,000",                -10.67%            ,4,                -42.86%            ,"€ 4,020",                16.86%            ,2.30%,                2.83%            ,"€ 37,000","13,575",0.21%,NA
38,Noord-Holland,Uitgeest,"€ 425,000",                6.92%            ,5,                -16.67%            ,"€ 3,373",                -4.20%            ,15.14%,                -0.77%            ,"€ 46,700","13,666",1.02%,NA
39,Noord-Holland,Uithoorn,"€ 375,000",                5.63%            ,15,                15.38%            ,"€ 3,497",                1.10%            ,14.49%,                2.56%            ,"€ 42,000","29,478",0.18%,NA
40,Noord-Holland,Velsen,"€ 325,000",                -7.01%            ,29,                -3.33%            ,"€ 3,726",                9.33%            ,16.49%,                1.37%            ,"€ 38,500","68,648",0.44%,NA
41,Noord-Holland,Waterland,"€ 762,500",                52.50%            ,2,                -66.67%            ,"€ 4,831",                8.56%            ,-0.74%,                -6.80%            ,"€ 44,400","17,424",0.63%,NA
42,Noord-Holland,Weesp,"€ 289,500",                -3.50%            ,11,                0.00%            ,"€ 4,255",                -9.53%            ,6.78%,                -0.76%            ,"€ 38,100","19,738",2.09%,NA
43,Noord-Holland,Wijdemeren,"€ 695,000",                79.94%            ,7,                -22.22%            ,"€ 4,854",                17.93%            ,5.32%,                0.82%            ,"€ 45,600","24,358",1.44%,NA
44,Noord-Holland,Wormerland,"€ 320,000",                -18.99%            ,4,                -50.00%            ,"€ 4,065",                19.28%            ,11.28%,                -7.79%            ,"€ 41,300","16,270",NA,0.36%
45,Noord-Holland,Zaanstad,"€ 345,000",                -1.15%            ,71,                -21.11%            ,"€ 3,632",                0.80%            ,15.17%,                0.41%            ,"€ 36,400","156,794",0.58%,NA
46,Noord-Holland,Zandvoort,"€ 477,000",                19.25%            ,8,                -38.46%            ,"€ 4,815",                3.04%            ,9.80%,                2.75%            ,"€ 35,100","17,116",0.62%,NA
47,Zuid-Holland,Alblasserdam,"€ 325,000",                32.65%            ,10,                100.00%            ,"€ 3,037",                -10.33%            ,10.87%,                3.38%            ,"€ 39,800","20,165",0.48%,NA
48,Zuid-Holland,Albrandswaard,"€ 400,000",                -9.04%            ,11,                -45.00%            ,"€ 3,290",                -11.68%            ,7.05%,                0.71%            ,"€ 49,000","25,590",1.26%,NA
49,Zuid-Holland,AlphenaandenRijn,"€ 341,250",                5.00%            ,55,                -8.33%            ,"€ 3,264",                3.45%            ,14.63%,                4.58%            ,"€ 41,700","111,897",0.82%,NA
50,Zuid-Holland,Barendrecht,"€ 399,500",                6.53%            ,27,                -6.90%            ,"€ 3,587",                4.33%            ,8.06%,                1.13%            ,"€ 48,700","48,714",0.08%,NA
51,Zuid-Holland,Bodegraven-Reeuwijk,"€ 380,000",                1.33%            ,20,                33.33%            ,"€ 3,207",                -4.50%            ,10.63%,                -0.48%            ,"€ 45,600","34,872",1.19%,NA
52,Zuid-Holland,Brielle,"€ 500,000",                68.35%            ,6,                -40.00%            ,"€ 3,408",                14.36%            ,9.90%,                0.98%            ,"€ 44,100","17,271",0.52%,NA
53,Zuid-Holland,CapelleaandenIJssel,"€ 337,500",                -0.15%            ,31,                -38.00%            ,"€ 3,072",                -4.95%            ,10.69%,                -0.87%            ,"€ 35,800","67,122",0.45%,NA
54,Zuid-Holland,Delft,"€ 354,750",                3.73%            ,32,                -44.83%            ,"€ 4,275",                8.94%            ,11.01%,                1.07%            ,"€ 27,000","103,595",0.42%,NA
55,Zuid-Holland,Dordrecht,"€ 275,000",                2.80%            ,54,                -35.71%            ,"€ 2,950",                4.72%            ,11.78%,                -1.30%            ,"€ 35,200","119,284",0.53%,NA
56,Zuid-Holland,Goeree-Overflakkee,"€ 287,500",                -8.00%            ,14,                -65.85%            ,"€ 2,925",                2.70%            ,8.05%,                0.77%            ,"€ 40,600","50,049",0.88%,NA
57,Zuid-Holland,Gorinchem,"€ 290,000",                4.50%            ,17,                -19.05%            ,"€ 2,976",                2.27%            ,8.74%,                0.02%            ,"€ 36,000","37,022",0.93%,NA
58,Zuid-Holland,Gouda,"€ 397,500",                28.64%            ,43,                -12.24%            ,"€ 3,395",                8.64%            ,11.23%,                -0.50%            ,"€ 36,900","73,427",0.34%,NA
59,Zuid-Holland,Hardinxveld-Giessendam,"€ 279,500",                -1.93%            ,5,                -16.67%            ,"€ 3,681",                21.25%            ,11.66%,                6.62%            ,"€ 42,700","18,295",1.35%,NA
60,Zuid-Holland,Hellevoetsluis,"€ 269,500",                -5.44%            ,19,                -38.71%            ,"€ 2,551",                -7.47%            ,10.64%,                2.93%            ,"€ 41,100","40,142",0.23%,NA
61,Zuid-Holland,Hendrik-Ido-Ambacht,"€ 485,000",                44.78%            ,12,                -20.00%            ,"€ 3,468",                16.81%            ,9.11%,                1.52%            ,"€ 46,700","31,202",0.76%,NA
62,Zuid-Holland,Hillegom,"€ 395,000",                2.60%            ,17,                30.77%            ,"€ 3,786",                4.88%            ,11.05%,                -0.46%            ,"€ 41,600","22,209",1.11%,NA
63,Zuid-Holland,HoekscheWaard,"€ 375,000",                10.46%            ,35,                -48.53%            ,"€ 3,223",                7.11%            ,7.89%,                0.84%            ,"€ 44,100","87,401",0.86%,NA
64,Zuid-Holland,KaagenBraassem,"€ 360,000",                -34.55%            ,9,                0.00%            ,"€ 3,363",                -24.83%            ,9.00%,                -0.16%            ,"€ 44,200","27,297",1.60%,NA
65,Zuid-Holland,Katwijk,"€ 375,000",                1.63%            ,20,                -41.18%            ,"€ 4,065",                6.61%            ,12.38%,                1.03%            ,"€ 42,200","65,753",0.69%,NA
66,Zuid-Holland,KrimpenaandenIJssel,"€ 320,000",                -8.57%            ,7,                -65.00%            ,"€ 3,367",                15.43%            ,9.91%,                -0.11%            ,"€ 40,100","29,526",0.51%,NA
67,Zuid-Holland,Krimpenerwaard,"€ 300,000",                -18.92%            ,21,                -16.00%            ,"€ 3,092",                -9.78%            ,6.93%,                -0.80%            ,"€ 41,800","56,319",0.48%,NA
68,Zuid-Holland,Lansingerland,"€ 425,000",                6.25%            ,21,                -36.36%            ,"€ 3,924",                10.69%            ,10.62%,                3.43%            ,"€ 51,800","62,384",1.27%,NA
69,Zuid-Holland,Leiden,"€ 377,500",                -5.62%            ,46,                -22.03%            ,"€ 4,010",                1.83%            ,14.30%,                -1.60%            ,"€ 29,600","125,099",0.16%,NA
70,Zuid-Holland,Leiderdorp,"€ 375,000",                -6.13%            ,13,                -23.53%            ,"€ 3,847",                -1.56%            ,14.88%,                1.18%            ,"€ 42,500","27,056",NA,0.20%
71,Zuid-Holland,Leidschendam-Voorburg,"€ 349,500",                3.10%            ,52,                -8.77%            ,"€ 3,720",                -2.34%            ,12.61%,                1.40%            ,"€ 37,900","76,534",1.47%,NA
72,Zuid-Holland,Lisse,"€ 325,000",                -26.14%            ,9,                -35.71%            ,"€ 4,710",                4.85%            ,11.26%,                4.15%            ,"€ 40,700","22,955",0.68%,NA
73,Zuid-Holland,Maassluis,"€ 325,000",                -10.22%            ,11,                -50.00%            ,"€ 3,465",                17.70%            ,10.52%,                -0.44%            ,"€ 37,200","33,213",1.36%,NA
74,Zuid-Holland,Midden-Delfland,"€ 412,000",                16.06%            ,10,                100.00%            ,"€ 3,932",                -4.75%            ,8.67%,                -1.08%            ,"€ 50,100","19,341",NA,0.26%
75,Zuid-Holland,Molenlanden,"€ 289,000",                -32.00%            ,14,                16.67%            ,"€ 3,425",                8.21%            ,3.41%,                -1.16%            ,"€ 45,300","43,909",0.12%,NA
76,Zuid-Holland,Nieuwkoop,"€ 425,000",                33.86%            ,13,                -7.14%            ,"€ 3,312",                -6.99%            ,14.31%,                3.86%            ,"€ 45,800","28,811",0.65%,NA
77,Zuid-Holland,Nissewaard,"€ 342,450",                21.22%            ,23,                -52.08%            ,"€ 3,065",                8.65%            ,10.39%,                1.85%            ,"€ 38,000","85,219",0.50%,NA
78,Zuid-Holland,Noordwijk,"€ 495,000",                4.21%            ,15,                0.00%            ,"€ 3,976",                -9.84%            ,8.89%,                4.85%            ,"€ 40,400","43,508",1.51%,NA
79,Zuid-Holland,Oegstgeest,"€ 582,000",                19.38%            ,13,                -7.14%            ,"€ 4,540",                3.65%            ,10.05%,                2.49%            ,"€ 48,900","24,840",1.69%,NA
80,Zuid-Holland,Papendrecht,"€ 379,500",                30.86%            ,18,                20.00%            ,"€ 3,163",                6.07%            ,10.23%,                0.77%            ,"€ 41,100","32,136",NA,0.48%
81,Zuid-Holland,Pijnacker-Nootdorp,"€ 439,000",                3.29%            ,16,                -57.89%            ,"€ 3,800",                1.55%            ,13.05%,                2.81%            ,"€ 50,600","55,308",1.80%,NA
82,Zuid-Holland,Ridderkerk,"€ 307,000",                -0.97%            ,11,                -64.52%            ,"€ 3,191",                -7.83%            ,9.93%,                2.43%            ,"€ 36,900","46,189",NA,0.11%
83,Zuid-Holland,Rijswijk,"€ 264,500",                -11.83%            ,20,                -47.37%            ,"€ 3,574",                5.93%            ,12.69%,                0.20%            ,"€ 34,800","54,450",1.84%,NA
84,Zuid-Holland,Rotterdam,"€ 352,500",                10.16%            ,241,                -33.97%            ,"€ 3,959",                11.08%            ,11.71%,                -0.33%            ,"€ 29,300","651,157",1.01%,NA
85,Zuid-Holland,Schiedam,"€ 275,000",                17.02%            ,27,                -60.29%            ,"€ 2,968",                5.96%            ,14.29%,                1.71%            ,"€ 32,800","78,730",0.94%,NA
86,Zuid-Holland,'s-Gravenhage,"€ 357,500",                2.29%            ,248,                -16.78%            ,"€ 3,803",                4.97%            ,80.48%,                69.01%            ,"€ 31,500","545,838",1.49%,NA
87,Zuid-Holland,Sliedrecht,"€ 319,000",                5.63%            ,5,                -70.59%            ,"€ 2,935",                -2.20%            ,8.26%,                -1.11%            ,"€ 37,600","25,220",0.78%,NA
88,Zuid-Holland,Teylingen,"€ 380,000",                -5.00%            ,17,                -15.00%            ,"€ 3,725",                -4.63%            ,10.86%,                1.54%            ,"€ 46,000","37,440",1.02%,NA
89,Zuid-Holland,Vlaardingen,"€ 322,000",                44.88%            ,22,                -54.17%            ,"€ 3,027",                8.96%            ,11.80%,                -0.33%            ,"€ 33,400","73,397",1.37%,NA
90,Zuid-Holland,Voorschoten,"€ 457,000",                66.18%            ,12,                -29.41%            ,"€ 3,952",                -4.95%            ,8.74%,                1.25%            ,"€ 45,000","25,596",0.46%,NA
91,Zuid-Holland,Waddinxveen,"€ 325,000",                0.00%            ,12,                -20.00%            ,"€ 2,994",                -8.69%            ,10.05%,                -1.06%            ,"€ 42,800","29,291",3.44%,NA
92,Zuid-Holland,Wassenaar,"€ 595,000",                6.82%            ,15,                -31.82%            ,"€ 4,798",                3.83%            ,2.18%,                1.40%            ,"€ 44,900","26,305",0.36%,NA
93,Zuid-Holland,Westland,"€ 390,000",                -1.27%            ,45,                -11.76%            ,"€ 3,739",                -2.63%            ,10.09%,                2.49%            ,"€ 43,000","110,375",1.63%,NA
94,Zuid-Holland,Westvoorne,"€ 695,000",                -19.42%            ,3,                -57.14%            ,"€ 5,500",                21.01%            ,6.38%,                4.35%            ,"€ 45,900","14,731",0.72%,NA
95,Zuid-Holland,Zoetermeer,"€ 290,000",                -10.77%            ,43,                -38.57%            ,"€ 3,176",                -0.19%            ,14.54%,                0.94%            ,"€ 39,200","125,285",0.27%,NA
96,Zuid-Holland,Zoeterwoude,"€ 525,000",                26.81%            ,3,                -62.50%            ,"€ 3,125",                -11.72%            ,8.87%,                2.93%            ,"€ 47,200","8,605",1.83%,NA
97,Zuid-Holland,Zuidplas,"€ 430,000",                7.50%            ,21,                -8.70%            ,"€ 3,571",                10.45%            ,7.87%,                -0.85%            ,"€ 46,100","43,885",2.63%,NA
98,Zuid-Holland,Zwijndrecht,"€ 325,000",                10.17%            ,13,                -60.61%            ,"€ 3,016",                6.20%            ,10.59%,                0.33%            ,"€ 36,500","44,737",0.22%,NA
99,Zeeland,Borsele,"€ 220,000",                -30.16%            ,8,                -46.67%            ,"€ 2,405",                5.48%            ,10.93%,                2.49%            ,"€ 41,500","22,739",NA,0.27%
100,Zeeland,Goes,"€ 354,500",                23.09%            ,16,                -46.67%            ,"€ 2,897",                7.02%            ,10.31%,                1.69%            ,"€ 36,600","38,082",1.14%,NA
101,Zeeland,Hulst,"€ 207,500",                -34.13%            ,10,                -54.55%            ,"€ 2,189",                -5.89%            ,5.41%,                -1.70%            ,"€ 37,600","27,556",0.12%,NA
102,Zeeland,Kapelle,"€ 399,750",                70.11%            ,6,                -25.00%            ,"€ 2,961",                10.53%            ,8.04%,                0.91%            ,"€ 43,700","12,695",NA,0.70%
103,Zeeland,Middelburg,"€ 279,500",                12.02%            ,31,                -31.11%            ,"€ 2,826",                1.40%            ,12.63%,                2.70%            ,"€ 35,700","48,822",0.57%,NA
104,Zeeland,Noord-Beveland,"€ 275,000",                -21.43%            ,9,                -25.00%            ,"€ 2,767",                -14.99%            ,52.34%,                46.33%            ,"€ 36,800","7,392",1.15%,NA
105,Zeeland,Reimerswaal,"€ 372,000",                90.77%            ,7,                75.00%            ,"€ 3,246",                61.49%            ,10.28%,                -4.35%            ,"€ 38,900","22,730",0.23%,NA
106,Zeeland,Schouwen-Duiveland,"€ 337,500",                -14.56%            ,7,                -56.25%            ,"€ 3,476",                3.21%            ,10.73%,                3.17%            ,"€ 38,700","33,839",0.18%,NA
107,Zeeland,Sluis,"€ 297,500",                -20.67%            ,16,                -15.79%            ,"€ 2,632",                -11.20%            ,3.32%,                2.57%            ,"€ 35,200","23,210",NA,0.75%
108,Zeeland,Terneuzen,"€ 248,250",                8.05%            ,34,                -5.56%            ,"€ 2,036",                -8.04%            ,6.74%,                -0.95%            ,"€ 35,600","54,426",NA,0.30%
109,Zeeland,Tholen,"€ 240,000",                6.67%            ,19,                11.76%            ,"€ 2,376",                0.81%            ,9.57%,                0.61%            ,"€ 39,000","25,757",NA,0.09%
110,Zeeland,Veere,"€ 499,000",                26.33%            ,9,                -18.18%            ,"€ 3,772",                3.46%            ,8.95%,                0.75%            ,"€ 42,400","21,880",0.21%,NA
111,Zeeland,Vlissingen,"€ 275,000",                25.43%            ,25,                -47.92%            ,"€ 2,529",                7.48%            ,11.34%,                1.15%            ,"€ 32,200","44,360",NA,0.02%
112,Noord-Brabant,Alphen-Chaam,"€ 589,500",                93.60%            ,6,                200.00%            ,"€ 3,358",                38.19%            ,7.15%,                5.52%            ,"€ 45,700","10,203",0.53%,NA
113,Noord-Brabant,Altena,"€ 344,500",                -3.50%            ,22,                -18.52%            ,"€ 2,689",                -9.28%            ,8.45%,                -0.34%            ,"€ 43,400","55,967",1.05%,NA
114,Noord-Brabant,Asten,"€ 275,000",                -40.86%            ,1,                -85.71%            ,"€ 2,523",                -10.18%            ,6.04%,                -1.11%            ,"€ 40,200","16,721",0.07%,NA
115,Noord-Brabant,Baarle-Nassau,"€ 250,000",                -32.25%            ,1,                -75.00%            ,"€ 2,809",                -0.32%            ,13.37%,                -1.65%            ,"€ 37,700","6,859",0.18%,NA
116,Noord-Brabant,Bergeijk,"€ 430,000",                32.31%            ,10,                -9.09%            ,"€ 3,564",                4.00%            ,6.10%,                2.74%            ,"€ 43,600","18,635",0.78%,NA
117,Noord-Brabant,BergenopZoom,"€ 297,000",                4.21%            ,20,                -63.64%            ,"€ 2,878",                12.42%            ,8.14%,                0.39%            ,"€ 36,800","67,496",1.03%,NA
118,Noord-Brabant,Bernheze,"€ 410,000",                38.05%            ,4,                -81.82%            ,"€ 2,917",                6.38%            ,7.07%,                -1.36%            ,"€ 44,600","31,240",1.41%,NA
119,Noord-Brabant,Best,"€ 595,000",                61.03%            ,7,                -53.33%            ,"€ 3,580",                28.09%            ,7.02%,                -1.12%            ,"€ 44,500","29,988",0.56%,NA
120,Noord-Brabant,Bladel,"€ 362,000",                -21.65%            ,7,                16.67%            ,"€ 3,134",                -7.88%            ,1.35%,                -2.35%            ,"€ 42,700","20,390",1.07%,NA
121,Noord-Brabant,Boekel,"€ 769,000",                129.55%            ,3,                -50.00%            ,"€ 2,601",                -10.28%            ,5.36%,                0.32%            ,"€ 45,100","10,785",1.86%,NA
122,Noord-Brabant,Boxmeer,"€ 337,000",                -14.68%            ,8,                -27.27%            ,"€ 3,033",                2.64%            ,10.26%,                3.23%            ,"€ 41,800","29,365",1.03%,NA
123,Noord-Brabant,Boxtel,"€ 322,500",                -14.00%            ,10,                -33.33%            ,"€ 3,218",                -2.31%            ,6.38%,                -0.90%            ,"€ 38,400","30,801",0.18%,NA
124,Noord-Brabant,Breda,"€ 369,000",                -1.60%            ,61,                -44.55%            ,"€ 3,573",                0.73%            ,10.22%,                1.69%            ,"€ 35,500","184,069",0.11%,NA
125,Noord-Brabant,Cranendonck,"€ 322,500",                11.50%            ,9,                -43.75%            ,"€ 2,753",                -3.64%            ,9.92%,                -1.79%            ,"€ 40,500","21,138",3.41%,NA
126,Noord-Brabant,Cuijk,"€ 312,500",                -7.82%            ,10,                -33.33%            ,"€ 2,692",                6.19%            ,13.82%,                5.08%            ,"€ 38,400","25,130",0.80%,NA
127,Noord-Brabant,Deurne,"€ 349,000",                25.09%            ,15,                66.67%            ,"€ 2,724",                11.55%            ,5.52%,                -4.36%            ,"€ 40,000","32,471",0.34%,NA
128,Noord-Brabant,Dongen,"€ 305,000",                -0.80%            ,12,                -45.45%            ,"€ 2,970",                9.39%            ,13.23%,                2.40%            ,"€ 41,700","26,222",0.66%,NA
129,Noord-Brabant,Drimmelen,"€ 397,500",                26.19%            ,4,                -75.00%            ,"€ 3,583",                21.25%            ,8.15%,                -0.31%            ,"€ 43,500","27,272",0.45%,NA
130,Noord-Brabant,Eersel,"€ 450,000",                3.51%            ,3,                -70.00%            ,"€ 3,598",                17.97%            ,11.34%,                6.12%            ,"€ 45,200","19,313",1.06%,NA
131,Noord-Brabant,Eindhoven,"€ 350,000",                2.94%            ,90,                -20.35%            ,"€ 3,603",                9.28%            ,9.66%,                -0.65%            ,"€ 31,600","234,394",1.19%,NA
132,Noord-Brabant,Etten-Leur,"€ 322,000",                -5.99%            ,11,                -56.00%            ,"€ 2,873",                0.91%            ,8.33%,                1.27%            ,"€ 40,300","43,878",0.24%,NA
133,Noord-Brabant,Geertruidenberg,"€ 342,000",                30.29%            ,8,                -11.11%            ,"€ 3,231",                7.16%            ,6.70%,                4.34%            ,"€ 40,300","21,544",0.13%,NA
134,Noord-Brabant,Geldrop-Mierlo,"€ 369,000",                -1.60%            ,10,                -69.70%            ,"€ 3,020",                -4.40%            ,10.56%,                -0.35%            ,"€ 39,400","39,726",0.33%,NA
135,Noord-Brabant,Gemert-Bakel,"€ 378,250",                -27.95%            ,6,                -14.29%            ,"€ 2,565",                -12.93%            ,8.81%,                9.75%            ,"€ 40,500","30,723",0.91%,NA
136,Noord-Brabant,GilzeenRijen,"€ 425,000",                47.06%            ,5,                -61.54%            ,"€ 2,806",                -0.95%            ,7.28%,                -6.01%            ,"€ 40,600","26,431",0.00%,NA
137,Noord-Brabant,Goirle,"€ 367,000",                12.92%            ,10,                -33.33%            ,"€ 3,190",                1.59%            ,10.31%,                3.86%            ,"€ 44,000","23,904",0.47%,NA
138,Noord-Brabant,Grave,"€ 393,500",                44.01%            ,4,                -71.43%            ,"€ 4,045",                51.27%            ,10.69%,                5.96%            ,"€ 40,600","12,436",NA,0.38%
139,Noord-Brabant,Halderberge,"€ 330,000",                -5.71%            ,6,                -45.45%            ,"€ 2,810",                -5.67%            ,6.94%,                -0.13%            ,"€ 39,100","30,284",0.30%,NA
140,Noord-Brabant,Heeze-Leende,"€ 325,000",                -5.66%            ,3,                -50.00%            ,"€ 2,500",                -3.85%            ,10.87%,                5.59%            ,"€ 47,100","16,152",1.18%,NA
141,Noord-Brabant,Helmond,"€ 325,000",                9.43%            ,31,                -41.51%            ,"€ 2,917",                2.57%            ,8.80%,                1.25%            ,"€ 35,700","92,423",0.98%,NA
142,Noord-Brabant,Heusden,"€ 352,500",                -18.50%            ,10,                -64.29%            ,"€ 3,066",                -0.29%            ,7.47%,                2.15%            ,"€ 42,500","44,692",1.26%,NA
143,Noord-Brabant,Hilvarenbeek,"€ 362,500",                -14.71%            ,6,                -14.29%            ,"€ 2,982",                1.39%            ,2.29%,                -4.24%            ,"€ 46,100","15,518",1.20%,NA
144,Noord-Brabant,Laarbeek,"€ 339,500",                -4.90%            ,8,                -42.86%            ,"€ 3,136",                12.40%            ,9.75%,                1.47%            ,"€ 41,900","22,523",0.85%,NA
145,Noord-Brabant,Landerd,"€ 492,000",                51.38%            ,4,                -33.33%            ,"€ 3,238",                24.30%            ,6.12%,                -0.12%            ,"€ 44,700","15,730",1.29%,NA
146,Noord-Brabant,LoonopZand,"€ 415,000",                10.67%            ,5,                66.67%            ,"€ 3,242",                -7.50%            ,8.49%,                3.40%            ,"€ 41,200","23,408",0.35%,NA
147,Noord-Brabant,Meierijstad,"€ 375,000",                16.28%            ,33,                -31.25%            ,"€ 3,205",                13.37%            ,7.13%,                0.18%            ,"€ 41,800","81,194",0.47%,NA
148,Noord-Brabant,MillenSintHubert,"€ 430,000",                44.54%            ,5,                -16.67%            ,"€ 2,782",                1.90%            ,8.25%,                7.03%            ,"€ 41,300","10,939",0.44%,NA
149,Noord-Brabant,Moerdijk,"€ 365,000",                21.67%            ,10,                -62.96%            ,"€ 2,544",                -0.78%            ,4.88%,                -5.68%            ,"€ 40,800","37,129",0.45%,NA
150,Noord-Brabant,"Nuenen,GerwenenNederwetten","€ 635,000",                67.55%            ,3,                -85.00%            ,"€ 3,533",                4.99%            ,7.69%,                4.24%            ,"€ 46,300","23,383",0.85%,NA
151,Noord-Brabant,Oirschot,"€ 450,000",                -20.00%            ,9,                -35.71%            ,"€ 4,381",                23.13%            ,0.85%,                -0.74%            ,"€ 45,800","18,714",0.49%,NA
152,Noord-Brabant,Oisterwijk,"€ 484,000",                14.56%            ,20,                11.11%            ,"€ 3,547",                1.63%            ,5.82%,                1.66%            ,"€ 43,500","26,245",0.40%,NA
153,Noord-Brabant,Oosterhout,"€ 354,000",                -2.88%            ,34,                25.93%            ,"€ 3,214",                5.31%            ,7.72%,                0.85%            ,"€ 38,800","55,982",0.66%,NA
154,Noord-Brabant,Oss,"€ 298,000",                -20.53%            ,42,                -31.15%            ,"€ 2,955",                3.36%            ,7.73%,                2.22%            ,"€ 38,400","91,915",0.51%,NA
155,Noord-Brabant,Reusel-DeMierden,"€ 325,000",                1.56%            ,3,                -57.14%            ,"€ 2,851",                -2.26%            ,3.72%,                1.40%            ,"€ 43,600","13,112",0.40%,NA
156,Noord-Brabant,Roosendaal,"€ 289,000",                13.56%            ,24,                -55.56%            ,"€ 2,591",                3.64%            ,10.70%,                0.55%            ,"€ 36,300","77,251",0.28%,NA
157,Noord-Brabant,Rucphen,"€ 450,000",                -5.26%            ,5,                -70.59%            ,"€ 2,642",                -8.64%            ,2.17%,                -1.76%            ,"€ 39,400","22,878",1.36%,NA
158,Noord-Brabant,'s-Hertogenbosch,"€ 389,500",                11.29%            ,69,                -32.35%            ,"€ 3,774",                9.61%            ,9.63%,                1.29%            ,"€ 37,000","155,111",0.59%,NA
159,Noord-Brabant,SintAnthonis,"€ 332,000",                -21.88%            ,2,                -77.78%            ,"€ 2,419",                -9.16%            ,6.64%,                -13.40%            ,"€ 44,100","11,664",0.50%,NA
160,Noord-Brabant,Sint-Michielsgestel,"€ 515,000",                29.07%            ,3,                -82.35%            ,"€ 3,859",                5.41%            ,7.43%,                -0.11%            ,"€ 46,000","29,208",0.75%,NA
161,Noord-Brabant,Someren,"€ 359,500",                2.71%            ,2,                -80.00%            ,"€ 2,918",                -3.31%            ,9.19%,                4.32%            ,"€ 41,100","19,368",0.24%,NA
162,Noord-Brabant,SonenBreugel,"€ 394,150",                -41.61%            ,6,                -25.00%            ,"€ 3,539",                7.96%            ,13.17%,                -0.42%            ,"€ 46,800","17,322",2.47%,NA
163,Noord-Brabant,Steenbergen,"€ 309,250",                3.78%            ,12,                -29.41%            ,"€ 2,803",                4.94%            ,8.89%,                3.36%            ,"€ 36,100","24,416",NA,2.55%
164,Noord-Brabant,Tilburg,"€ 300,000",                -5.96%            ,67,                -49.24%            ,"€ 3,036",                3.72%            ,11.15%,                0.52%            ,"€ 31,600","219,789",1.16%,NA
165,Noord-Brabant,Uden,"€ 320,000",                -8.31%            ,18,                38.46%            ,"€ 2,825",                -16.67%            ,8.41%,                2.34%            ,"€ 38,300","42,119",0.81%,NA
166,Noord-Brabant,Valkenswaard,"€ 314,500",                -11.28%            ,4,                -80.00%            ,"€ 3,070",                -11.25%            ,7.26%,                -5.16%            ,"€ 37,400","31,193",0.92%,NA
167,Noord-Brabant,Veldhoven,"€ 385,000",                -2.53%            ,16,                -48.39%            ,"€ 3,372",                -5.20%            ,8.28%,                -0.13%            ,"€ 42,000","45,466",0.28%,NA
168,Noord-Brabant,Vught,"€ 511,500",                36.40%            ,14,                -30.00%            ,"€ 3,917",                3.32%            ,11.00%,                4.11%            ,"€ 43,500","26,558",0.61%,NA
169,Noord-Brabant,Waalre,"€ 420,000",                -6.15%            ,8,                100.00%            ,"€ 3,265",                -12.56%            ,10.70%,                0.06%            ,"€ 47,300","17,456",1.21%,NA
170,Noord-Brabant,Waalwijk,"€ 435,000",                52.63%            ,18,                -21.74%            ,"€ 3,009",                9.54%            ,7.04%,                1.56%            ,"€ 37,500","48,637",0.82%,NA
171,Noord-Brabant,Woensdrecht,"€ 282,500",                -13.08%            ,8,                -55.56%            ,"€ 2,455",                -9.71%            ,6.35%,                -0.67%            ,"€ 38,800","21,876",0.05%,NA
172,Noord-Brabant,Zundert,"€ 435,000",                42.62%            ,5,                -50.00%            ,"€ 2,881",                -15.59%            ,6.52%,                2.45%            ,"€ 40,700","21,829",1.00%,NA
173,Utrecht,Amersfoort,"€ 372,250",                -0.73%            ,79,                8.22%            ,"€ 3,774",                -2.71%            ,13.50%,                -0.98%            ,"€ 40,300","157,276",0.63%,NA
174,Utrecht,Baarn,"€ 375,000",                -3.72%            ,15,                0.00%            ,"€ 4,592",                -5.34%            ,6.20%,                1.27%            ,"€ 40,300","24,868",0.41%,NA
175,Utrecht,Bunnik,"€ 594,500",                33.75%            ,12,                50.00%            ,"€ 4,123",                13.71%            ,7.39%,                -0.41%            ,"€ 48,500","15,191",NA,0.01%
176,Utrecht,Bunschoten,"€ 467,500",                18.35%            ,8,                -11.11%            ,"€ 4,678",                14.01%            ,0.02%,                0.15%            ,"€ 46,200","21,866",1.34%,NA
177,Utrecht,DeBilt,"€ 492,500",                15.07%            ,20,                -13.04%            ,"€ 4,876",                8.09%            ,9.06%,                -0.85%            ,"€ 42,100","43,137",0.73%,NA
178,Utrecht,DeRondeVenen,"€ 525,000",                16.67%            ,17,                -32.00%            ,"€ 4,368",                8.58%            ,6.61%,                1.41%            ,"€ 45,800","44,456",0.90%,NA
179,Utrecht,Eemnes,€ 0,NA,0,                -100.00%            ,€ 0,NA,6.99%,                2.87%            ,"€ 46,300","9,247",1.47%,NA
180,Utrecht,Houten,"€ 495,000",                14.58%            ,12,                -25.00%            ,"€ 3,968",                8.86%            ,11.87%,                -0.83%            ,"€ 49,200","50,146",0.47%,NA
181,Utrecht,IJsselstein,"€ 384,500",                5.34%            ,16,                -5.88%            ,"€ 3,282",                -9.71%            ,13.58%,                0.76%            ,"€ 44,000","34,109",NA,0.15%
182,Utrecht,Leusden,"€ 482,000",                25.19%            ,12,                -33.33%            ,"€ 3,569",                0.17%            ,9.98%,                1.81%            ,"€ 46,300","30,401",1.24%,NA
183,Utrecht,Lopik,"€ 375,000",                13.64%            ,7,                0.00%            ,"€ 3,685",                2.73%            ,13.16%,                4.58%            ,"€ 46,100","14,467",NA,0.04%
184,Utrecht,Montfoort,"€ 325,000",                -9.09%            ,7,                250.00%            ,"€ 3,125",                4.52%            ,14.42%,                -0.22%            ,"€ 46,800","13,917",NA,0.56%
185,Utrecht,Nieuwegein,"€ 350,000",                15.89%            ,24,                -42.86%            ,"€ 3,216",                -4.40%            ,18.44%,                1.37%            ,"€ 38,600","63,462",0.68%,NA
186,Utrecht,Oudewater,"€ 487,500",                57.77%            ,4,                33.33%            ,"€ 4,057",                13.42%            ,15.17%,                -7.15%            ,"€ 45,200","10,230",0.28%,NA
187,Utrecht,Renswoude,€ 0,NA,0,                -100.00%            ,€ 0,NA,12.20%,                3.60%            ,"€ 46,400","5,444",3.52%,NA
188,Utrecht,Rhenen,"€ 399,000",                0.38%            ,10,                0.00%            ,"€ 3,747",                -3.63%            ,7.52%,                -3.01%            ,"€ 41,100","20,119",0.57%,NA
189,Utrecht,Soest,"€ 487,500",                23.42%            ,24,                50.00%            ,"€ 4,167",                9.77%            ,9.74%,                1.32%            ,"€ 41,800","46,606",0.89%,NA
190,Utrecht,StichtseVecht,"€ 482,500",                -2.53%            ,35,                6.06%            ,"€ 4,247",                1.05%            ,12.23%,                2.05%            ,"€ 44,000","64,931",0.92%,NA
191,Utrecht,Utrecht,"€ 425,000",                10.39%            ,216,                14.29%            ,"€ 4,955",                6.60%            ,18.07%,                1.17%            ,"€ 32,300","357,597",1.34%,NA
192,Utrecht,UtrechtseHeuvelrug,"€ 675,000",                64.63%            ,21,                -4.55%            ,"€ 4,613",                4.96%            ,4.88%,                -4.31%            ,"€ 43,200","49,580",0.13%,NA
193,Utrecht,Veenendaal,"€ 375,000",                7.14%            ,36,                -2.70%            ,"€ 3,148",                -7.60%            ,9.79%,                2.30%            ,"€ 39,000","66,493",1.38%,NA
194,Utrecht,Vijfheerenlanden,"€ 389,000",                12.75%            ,22,                4.76%            ,"€ 3,505",                11.27%            ,10.75%,                1.68%            ,"€ 41,500","56,811",1.97%,NA
195,Utrecht,WijkbijDuurstede,"€ 325,000",                -9.72%            ,14,                16.67%            ,"€ 3,403",                5.81%            ,8.91%,                0.50%            ,"€ 45,900","23,914",0.64%,NA
196,Utrecht,Woerden,"€ 400,000",                14.61%            ,24,                -11.11%            ,"€ 3,682",                -8.93%            ,13.39%,                0.60%            ,"€ 44,600","52,299",0.19%,NA
197,Utrecht,Woudenberg,"€ 590,000",                18.00%            ,8,                166.67%            ,"€ 4,045",                29.44%            ,6.48%,                1.57%            ,"€ 46,100","13,362",1.49%,NA
198,Utrecht,Zeist,"€ 510,000",                3.03%            ,51,                27.50%            ,"€ 4,416",                9.06%            ,13.52%,                3.49%            ,"€ 37,700","64,905",1.52%,NA
199,Flevoland,Almere,"€ 350,000",                7.69%            ,101,                -33.55%            ,"€ 3,155",                -0.22%            ,16.86%,                0.66%            ,"€ 39,900","211,893",1.92%,NA
200,Flevoland,Dronten,"€ 262,000",                -18.70%            ,34,                21.43%            ,"€ 2,614",                3.85%            ,18.43%,                1.03%            ,"€ 40,400","41,555",1.81%,NA
201,Flevoland,Lelystad,"€ 307,500",                8.85%            ,25,                -21.87%            ,"€ 2,714",                12.80%            ,17.76%,                4.82%            ,"€ 36,300","78,598",0.91%,NA
202,Flevoland,Noordoostpolder,"€ 278,750",                -1.93%            ,22,                -18.52%            ,"€ 2,456",                0.70%            ,14.96%,                6.62%            ,"€ 38,600","47,291",0.94%,NA
203,Flevoland,Urk,€ 0,NA,1,                0.00%            ,€ 0,NA,%,NA,"€ 45,500","21,031",1.23%,NA
204,Flevoland,Zeewolde,"€ 370,000",                -1.99%            ,12,                -45.45%            ,"€ 2,949",                2.97%            ,9.23%,                -2.52%            ,"€ 43,000","22,653",1.54%,NA
205,Friesland,Achtkarspelen,"€ 239,500",                -21.48%            ,8,                -46.67%            ,"€ 2,521",                1.65%            ,13.01%,                0.19%            ,"€ 35,500","27,843",NA,0.03%
206,Friesland,Ameland,€ 0,NA,0,NA,€ 0,NA,-4.40%,                -4.57%            ,"€ 36,500","3,716",1.17%,NA
207,Friesland,Dantumadiel,"€ 265,000",                -33.67%            ,4,                -33.33%            ,"€ 2,454",                -7.85%            ,%,NA,"€ 35,800","18,922",NA,0.01%
208,Friesland,DeFryskeMarren,"€ 369,000",                18.08%            ,29,                11.54%            ,"€ 3,194",                17.13%            ,12.64%,                4.97%            ,"€ 38,800","51,564",0.26%,NA
209,Friesland,Harlingen,"€ 324,500",                44.22%            ,9,                -40.00%            ,"€ 3,070",                44.88%            ,11.83%,                -1.37%            ,"€ 32,300","15,722",NA,0.23%
210,Friesland,Heerenveen,"€ 337,250",                -10.07%            ,31,                0.00%            ,"€ 2,659",                -12.16%            ,11.49%,                3.43%            ,"€ 36,000","50,493",0.47%,NA
211,Friesland,Leeuwarden,"€ 225,000",                -8.16%            ,81,                0.00%            ,"€ 2,296",                -4.65%            ,14.10%,                0.57%            ,"€ 30,300","124,084",0.79%,NA
212,Friesland,Noardeast-Fryslân,"€ 225,000",                -8.91%            ,27,                17.39%            ,"€ 1,875",                -10.76%            ,11.01%,                4.21%            ,"€ 34,900","45,228",0.10%,NA
213,Friesland,Ooststellingwerf,"€ 309,500",                14.10%            ,12,                -45.45%            ,"€ 2,706",                10.13%            ,9.20%,                -0.77%            ,"€ 36,200","25,469",NA,0.11%
214,Friesland,Opsterland,"€ 325,000",                26.46%            ,18,                28.57%            ,"€ 2,646",                33.50%            ,16.51%,                8.92%            ,"€ 38,800","29,733",0.03%,NA
215,Friesland,Schiermonnikoog,€ 0,NA,0,NA,€ 0,NA,%,NA,-,947,1.18%,NA
216,Friesland,Smallingerland,"€ 265,000",                6.11%            ,38,                -7.32%            ,"€ 2,340",                0.39%            ,10.73%,                -1.51%            ,"€ 34,700","56,150",0.38%,NA
217,Friesland,Súdwest-Fryslân,"€ 303,000",                -3.81%            ,47,                -22.95%            ,"€ 2,622",                2.86%            ,9.61%,                0.82%            ,"€ 36,100","89,987",0.31%,NA
218,Friesland,Terschelling,€ 0,NA,0,NA,€ 0,NA,-6.47%,NA,"€ 34,600","4,888",NA,0.04%
219,Friesland,Tytsjerksteradiel,"€ 267,250",                -3.69%            ,21,                90.91%            ,"€ 2,351",                -16.10%            ,12.73%,                1.50%            ,"€ 38,900","32,052",0.86%,NA
220,Friesland,Vlieland,€ 0,NA,0,NA,€ 0,NA,%,NA,-,"1,155",1.49%,NA
221,Friesland,Waadhoeke,"€ 299,500",                0.67%            ,30,                -6.25%            ,"€ 2,055",                -2.97%            ,8.92%,                -3.44%            ,"€ 35,900","46,090",0.11%,NA
222,Friesland,Weststellingwerf,"€ 215,000",                -22.38%            ,13,                62.50%            ,"€ 2,179",                -24.16%            ,11.36%,                -5.07%            ,"€ 35,600","25,914",0.29%,NA
223,Groningen,Eemsdelta,"€ 197,500",                -1.25%            ,27,                -15.62%            ,"€ 1,668",                -11.42%            ,17.29%,                2.85%            ,"€ 33,500",0,%,NA
224,Groningen,Groningen,"€ 269,500",                10.00%            ,163,                13.19%            ,"€ 2,955",                -3.62%            ,27.82%,                6.80%            ,"€ 25,400","232,874",0.68%,NA
225,Groningen,HetHogeland,"€ 215,000",                5.13%            ,27,                35.00%            ,"€ 1,991",                0.10%            ,22.17%,                8.96%            ,"€ 35,100","47,801",NA,0.18%
226,Groningen,Midden-Groningen,"€ 225,000",                -1.10%            ,30,                -9.09%            ,"€ 2,053",                2.96%            ,12.17%,                -1.46%            ,"€ 34,100","60,797",NA,0.17%
227,Groningen,Oldambt,"€ 219,500",                -12.02%            ,27,                12.50%            ,"€ 2,099",                8.70%            ,12.53%,                2.54%            ,"€ 31,900","38,209",0.21%,NA
228,Groningen,Pekela,"€ 125,000",                -37.50%            ,4,                -66.67%            ,"€ 1,167",                -34.77%            ,8.34%,                -5.90%            ,"€ 31,900","12,196",NA,0.15%
229,Groningen,Stadskanaal,"€ 249,500",                13.93%            ,19,                11.76%            ,"€ 2,326",                2.92%            ,8.71%,                -0.44%            ,"€ 32,200","31,686",NA,0.32%
230,Groningen,Veendam,"€ 267,000",                43.36%            ,10,                -65.52%            ,"€ 1,847",                -2.33%            ,14.17%,                1.14%            ,"€ 33,700","27,384",NA,0.39%
231,Groningen,Westerkwartier,"€ 275,000",                2.23%            ,30,                7.14%            ,"€ 2,542",                0.00%            ,15.38%,                -0.52%            ,"€ 40,200","63,329",0.47%,NA
232,Groningen,Westerwolde,"€ 327,500",                20.40%            ,15,                -31.82%            ,"€ 2,448",                11.42%            ,14.91%,                5.49%            ,"€ 34,000","25,733",2.12%,NA
233,Drenthe,AaenHunze,"€ 325,000",                -1.29%            ,15,                87.50%            ,"€ 2,752",                12.10%            ,5.78%,                -4.52%            ,"€ 41,400","25,445",0.23%,NA
234,Drenthe,Assen,"€ 249,975",                -5.67%            ,26,                -23.53%            ,"€ 2,459",                -1.64%            ,11.92%,                -1.12%            ,"€ 35,500","68,599",0.94%,NA
235,Drenthe,Borger-Odoorn,"€ 310,000",                -4.62%            ,8,                -57.89%            ,"€ 2,050",                -16.60%            ,11.48%,                -1.89%            ,"€ 38,200","25,559",0.74%,NA
236,Drenthe,Coevorden,"€ 272,500",                2.83%            ,20,                -33.33%            ,"€ 2,318",                -5.46%            ,10.23%,                -1.34%            ,"€ 37,200","35,297",NA,0.52%
237,Drenthe,DeWolden,"€ 444,000",                36.62%            ,16,                -15.79%            ,"€ 3,075",                -2.54%            ,8.13%,                0.25%            ,"€ 42,800","24,330",0.91%,NA
238,Drenthe,Emmen,"€ 245,000",                3.16%            ,71,                -13.41%            ,"€ 2,051",                1.18%            ,11.98%,                1.40%            ,"€ 34,000","107,048",NA,0.06%
239,Drenthe,Hoogeveen,"€ 279,500",                9.61%            ,21,                -25.00%            ,"€ 2,500",                7.11%            ,6.82%,                -0.89%            ,"€ 35,000","55,699",0.07%,NA
240,Drenthe,Meppel,"€ 345,000",                -15.29%            ,23,                -41.03%            ,"€ 2,603",                -10.21%            ,12.81%,                5.67%            ,"€ 36,600","33,920",1.06%,NA
241,Drenthe,Midden-Drenthe,"€ 354,250",                -5.53%            ,14,                -17.65%            ,"€ 2,777",                16.93%            ,12.81%,                5.35%            ,"€ 39,900","33,185",0.02%,NA
242,Drenthe,Noordenveld,"€ 325,000",                10.17%            ,19,                26.67%            ,"€ 2,674",                2.53%            ,15.08%,                1.41%            ,"€ 39,500","31,253",NA,0.12%
243,Drenthe,Tynaarlo,"€ 387,250",                -25.74%            ,24,                33.33%            ,"€ 2,977",                -5.88%            ,18.04%,                5.80%            ,"€ 44,000","33,887",0.56%,NA
244,Drenthe,Westerveld,"€ 498,000",                42.49%            ,13,                -23.53%            ,"€ 3,624",                43.58%            ,8.75%,                2.54%            ,"€ 39,300","19,460",0.58%,NA
245,Overijssel,Almelo,"€ 282,250",                10.79%            ,39,                -26.42%            ,"€ 2,244",                4.62%            ,7.68%,                -1.96%            ,"€ 32,900","73,107",0.35%,NA
246,Overijssel,Borne,"€ 274,500",                -36.46%            ,12,                200.00%            ,"€ 2,500",                -24.15%            ,8.29%,                -0.71%            ,"€ 42,900","23,312",0.44%,NA
247,Overijssel,Dalfsen,"€ 480,000",                32.60%            ,13,                8.33%            ,"€ 3,422",                27.59%            ,4.76%,                -2.02%            ,"€ 44,200","28,587",0.31%,NA
248,Overijssel,Deventer,"€ 295,000",                0.00%            ,45,                -19.64%            ,"€ 2,881",                2.24%            ,17.56%,                3.82%            ,"€ 35,200","100,719",0.76%,NA
249,Overijssel,Dinkelland,"€ 428,500",                38.67%            ,10,                11.11%            ,"€ 3,155",                26.71%            ,6.34%,                -6.82%            ,"€ 45,100","26,461",0.42%,NA
250,Overijssel,Enschede,"€ 249,500",                6.17%            ,78,                -3.70%            ,"€ 2,534",                3.90%            ,11.22%,                -0.48%            ,"€ 29,300","159,640",0.41%,NA
251,Overijssel,Haaksbergen,"€ 398,000",                32.67%            ,9,                12.50%            ,"€ 2,689",                9.09%            ,8.18%,                -4.50%            ,"€ 40,500","24,311",0.14%,NA
252,Overijssel,Hardenberg,"€ 306,250",                -5.77%            ,21,                -16.00%            ,"€ 2,503",                -0.64%            ,9.59%,                -0.52%            ,"€ 40,400","60,948",0.62%,NA
253,Overijssel,Hellendoorn,"€ 349,250",                16.42%            ,14,                -50.00%            ,"€ 2,917",                18.72%            ,5.60%,                3.20%            ,"€ 40,900","35,916",0.30%,NA
254,Overijssel,Hengelo(O),"€ 249,500",                -9.27%            ,32,                -27.27%            ,"€ 2,202",                -9.83%            ,10.83%,                3.24%            ,"€ 34,400","81,140",0.57%,NA
255,Overijssel,HofvanTwente,"€ 307,250",                -13.27%            ,16,                23.08%            ,"€ 2,453",                -0.20%            ,12.79%,                4.15%            ,"€ 40,800","35,017",0.22%,NA
256,Overijssel,Kampen,"€ 317,500",                13.49%            ,36,                50.00%            ,"€ 2,631",                5.24%            ,10.83%,                -0.31%            ,"€ 38,400","54,319",1.00%,NA
257,Overijssel,Losser,"€ 358,750",                34.36%            ,10,                -16.67%            ,"€ 2,557",                14.36%            ,7.41%,                -1.50%            ,"€ 38,800","22,683",0.27%,NA
258,Overijssel,Oldenzaal,"€ 287,000",                -7.12%            ,18,                5.88%            ,"€ 2,480",                3.12%            ,5.35%,                -0.52%            ,"€ 37,800","31,836",NA,0.01%
259,Overijssel,Olst-Wijhe,"€ 347,000",                17.63%            ,4,                -66.67%            ,"€ 3,236",                16.78%            ,13.02%,                2.36%            ,"€ 42,000","18,252",1.00%,NA
260,Overijssel,Ommen,"€ 419,050",                26.22%            ,6,                50.00%            ,"€ 3,752",                43.37%            ,8.07%,                -0.75%            ,"€ 40,700","18,009",1.10%,NA
261,Overijssel,Raalte,"€ 394,250",                16.30%            ,8,                -46.67%            ,"€ 2,367",                -8.47%            ,6.82%,                -7.30%            ,"€ 41,200","37,712",0.54%,NA
262,Overijssel,Rijssen-Holten,"€ 349,000",                16.33%            ,12,                71.43%            ,"€ 2,685",                -6.32%            ,9.72%,                1.64%            ,"€ 43,100","38,177",NA,0.32%
263,Overijssel,Staphorst,"€ 353,750",                7.20%            ,4,                -33.33%            ,"€ 2,220",                -9.28%            ,10.95%,                2.50%            ,"€ 45,200","17,145",0.84%,NA
264,Overijssel,Steenwijkerland,"€ 423,000",                51.61%            ,31,                10.71%            ,"€ 2,647",                1.07%            ,8.13%,                -0.25%            ,"€ 37,200","44,126",0.42%,NA
265,Overijssel,Tubbergen,"€ 450,000",                20.00%            ,10,                25.00%            ,"€ 2,841",                8.73%            ,5.26%,                2.89%            ,"€ 46,100","21,275",0.00%,NA
266,Overijssel,Twenterand,"€ 279,250",                -5.34%            ,14,                55.56%            ,"€ 2,231",                -2.58%            ,7.23%,                0.45%            ,"€ 39,500","33,743",NA,0.15%
267,Overijssel,Wierden,"€ 369,000",                10.15%            ,11,                57.14%            ,"€ 3,381",                3.08%            ,9.95%,                2.02%            ,"€ 45,100","24,446",0.39%,NA
268,Overijssel,Zwartewaterland,"€ 254,000",                -1.17%            ,13,                44.44%            ,"€ 2,278",                -8.11%            ,7.95%,                1.51%            ,"€ 42,800","22,685",0.81%,NA
269,Overijssel,Zwolle,"€ 349,500",                10.95%            ,69,                4.55%            ,"€ 3,354",                9.75%            ,14.75%,                1.29%            ,"€ 35,500","128,840",1.05%,NA
270,Gelderland,Aalten,"€ 382,000",                102.12%            ,10,                -23.08%            ,"€ 2,553",                20.65%            ,8.58%,                2.81%            ,"€ 39,100","27,121",0.41%,NA
271,Gelderland,Apeldoorn,"€ 300,000",                -7.69%            ,85,                -5.56%            ,"€ 3,071",                1.12%            ,12.02%,                2.56%            ,"€ 37,800","163,818",0.85%,NA
272,Gelderland,Arnhem,"€ 275,000",                -1.61%            ,62,                -38.00%            ,"€ 2,951",                2.32%            ,14.15%,                1.91%            ,"€ 30,100","161,348",1.31%,NA
273,Gelderland,Barneveld,"€ 375,000",                -4.46%            ,32,                -8.57%            ,"€ 3,361",                0.30%            ,10.03%,                -1.14%            ,"€ 43,700","59,082",1.92%,NA
274,Gelderland,BergenDal,"€ 387,500",                29.17%            ,11,                -26.67%            ,"€ 2,870",                -3.40%            ,17.23%,                6.94%            ,"€ 37,100","34,992",0.56%,NA
275,Gelderland,Berkelland,"€ 322,500",                -4.02%            ,17,                -22.73%            ,"€ 2,816",                6.22%            ,10.20%,                3.17%            ,"€ 39,400","43,747",NA,0.36%
276,Gelderland,Beuningen,"€ 285,000",                -10.94%            ,7,                -22.22%            ,"€ 2,813",                17.80%            ,16.07%,                1.40%            ,"€ 42,800","25,890",0.03%,NA
277,Gelderland,Bronckhorst,"€ 350,000",                -35.78%            ,20,                33.33%            ,"€ 3,208",                4.60%            ,14.11%,                4.92%            ,"€ 41,800","36,055",NA,0.43%
278,Gelderland,Brummen,"€ 442,500",                17.37%            ,4,                -60.00%            ,"€ 3,516",                5.94%            ,11.39%,                2.78%            ,"€ 40,900","20,726",0.14%,NA
279,Gelderland,Buren,"€ 398,000",                -24.19%            ,17,                -29.17%            ,"€ 3,467",                -9.69%            ,6.83%,                -1.98%            ,"€ 45,300","26,749",0.65%,NA
280,Gelderland,Culemborg,"€ 512,475",                75.21%            ,8,                -20.00%            ,"€ 3,346",                17.03%            ,13.75%,                -1.02%            ,"€ 41,000","28,955",1.40%,NA
281,Gelderland,Doesburg,"€ 350,000",                48.94%            ,3,                -40.00%            ,"€ 2,839",                22.21%            ,17.79%,                5.88%            ,"€ 34,800","11,077",NA,0.64%
282,Gelderland,Doetinchem,"€ 299,750",                7.05%            ,33,                -17.50%            ,"€ 2,727",                13.67%            ,15.86%,                0.27%            ,"€ 36,800","58,001",0.77%,NA
283,Gelderland,Druten,"€ 400,000",                47.06%            ,9,                125.00%            ,"€ 2,897",                12.59%            ,16.03%,                -0.79%            ,"€ 41,700","18,926",0.69%,NA
284,Gelderland,Duiven,"€ 304,250",                14.81%            ,8,                -27.27%            ,"€ 2,521",                7.60%            ,12.12%,                -2.77%            ,"€ 42,300","25,126",NA,0.81%
285,Gelderland,Ede,"€ 362,500",                11.54%            ,45,                -40.00%            ,"€ 3,431",                8.89%            ,10.30%,                2.02%            ,"€ 40,000","117,165",1.26%,NA
286,Gelderland,Elburg,"€ 395,000",                31.67%            ,8,                -46.67%            ,"€ 2,711",                4.75%            ,9.88%,                4.91%            ,"€ 41,700","23,161",0.32%,NA
287,Gelderland,Epe,"€ 487,000",                29.87%            ,14,                -44.00%            ,"€ 3,263",                -7.64%            ,8.03%,                0.54%            ,"€ 39,500","33,178",0.10%,NA
288,Gelderland,Ermelo,"€ 435,000",                12.99%            ,5,                -58.33%            ,"€ 2,799",                -21.57%            ,10.61%,                0.88%            ,"€ 41,000","27,008",0.56%,NA
289,Gelderland,Harderwijk,"€ 389,000",                5.14%            ,17,                -50.00%            ,"€ 3,316",                -2.36%            ,8.67%,                -3.84%            ,"€ 39,600","48,414",1.75%,NA
290,Gelderland,Hattem,"€ 369,000",                1.10%            ,5,                400.00%            ,"€ 3,075",                -30.08%            ,10.35%,                4.91%            ,"€ 42,500","12,209",0.30%,NA
291,Gelderland,Heerde,"€ 545,000",                40.65%            ,7,                -63.16%            ,"€ 4,910",                45.35%            ,10.34%,                1.16%            ,"€ 42,000","18,589",0.23%,NA
292,Gelderland,Heumen,"€ 515,000",                80.70%            ,2,                -71.43%            ,"€ 3,697",                38.78%            ,14.30%,                6.07%            ,"€ 44,300","16,454",NA,0.19%
293,Gelderland,Lingewaard,"€ 350,000",                -6.67%            ,13,                -38.10%            ,"€ 2,808",                -5.52%            ,9.37%,                0.62%            ,"€ 42,100","46,601",0.27%,NA
294,Gelderland,Lochem,"€ 319,500",                -39.60%            ,15,                0.00%            ,"€ 2,883",                -6.58%            ,11.04%,                -0.87%            ,"€ 41,900","33,729",0.41%,NA
295,Gelderland,Maasdriel,"€ 425,000",                6.38%            ,9,                -40.00%            ,"€ 3,125",                -5.56%            ,8.34%,                4.90%            ,"€ 42,800","25,030",1.36%,NA
296,Gelderland,Montferland,"€ 400,000",                23.08%            ,14,                -39.13%            ,"€ 2,679",                2.68%            ,116.11%,                107.00%            ,"€ 38,700","36,011",NA,0.04%
297,Gelderland,Neder-Betuwe,"€ 295,000",                -1.26%            ,11,                10.00%            ,"€ 2,837",                0.92%            ,8.03%,                -0.60%            ,"€ 41,700","24,339",1.30%,NA
298,Gelderland,Nijkerk,"€ 369,000",                -6.52%            ,9,                -43.75%            ,"€ 4,291",                19.76%            ,11.79%,                2.64%            ,"€ 43,900","43,171",0.53%,NA
299,Gelderland,Nijmegen,"€ 325,000",                5.86%            ,91,                9.64%            ,"€ 3,600",                0.93%            ,16.73%,                2.99%            ,"€ 27,500","177,659",0.53%,NA
300,Gelderland,Nunspeet,"€ 349,000",                -21.92%            ,15,                25.00%            ,"€ 3,497",                -7.73%            ,8.62%,                3.81%            ,"€ 41,500","27,851",1.35%,NA
301,Gelderland,Oldebroek,"€ 429,000",                -22.00%            ,6,                50.00%            ,"€ 3,123",                -1.51%            ,7.41%,                0.59%            ,"€ 41,300","23,646",0.20%,NA
302,Gelderland,OostGelre,"€ 244,000",                -15.57%            ,10,                42.86%            ,"€ 2,560",                12.43%            ,7.32%,                -2.04%            ,"€ 41,500","29,627",NA,0.26%
303,Gelderland,OudeIJsselstreek,"€ 325,000",                1.56%            ,18,                -30.77%            ,"€ 2,522",                -4.54%            ,16.04%,                3.75%            ,"€ 36,900","39,388",NA,0.22%
304,Gelderland,Overbetuwe,"€ 530,000",                70.97%            ,12,                -29.41%            ,"€ 3,333",                13.44%            ,10.70%,                1.15%            ,"€ 44,000","47,906",0.76%,NA
305,Gelderland,Putten,"€ 415,000",                -0.48%            ,11,                37.50%            ,"€ 3,361",                -13.15%            ,0.11%,                -2.04%            ,"€ 43,400","24,112",NA,0.36%
306,Gelderland,Renkum,"€ 385,000",                -23.00%            ,10,                -52.38%            ,"€ 3,651",                -9.72%            ,6.31%,                -3.52%            ,"€ 39,000","31,419",0.38%,NA
307,Gelderland,Rheden,"€ 289,000",                -12.16%            ,31,                -6.06%            ,"€ 3,176",                2.55%            ,14.02%,                -2.94%            ,"€ 34,600","43,761",0.28%,NA
308,Gelderland,Rozendaal,€ 837.500,NA,2,NA,€ 4.690,NA,0.00%,NA,-,"1,704",3.02%,NA
309,Gelderland,Scherpenzeel,"€ 365,000",                -7.48%            ,8,                100.00%            ,"€ 3,344",                4.30%            ,5.92%,                -5.32%            ,"€ 44,000","9,880",0.07%,NA
310,Gelderland,Tiel,"€ 290,000",                5.45%            ,22,                -31.25%            ,"€ 3,033",                1.10%            ,15.49%,                3.20%            ,"€ 36,300","42,159",0.43%,NA
311,Gelderland,Voorst,"€ 450,000",                -17.43%            ,7,                -22.22%            ,"€ 3,333",                -6.03%            ,8.61%,                1.85%            ,"€ 42,700","24,552",0.55%,NA
312,Gelderland,Wageningen,"€ 292,000",                -16.57%            ,8,                -27.27%            ,"€ 3,141",                -1.91%            ,13.11%,                -0.30%            ,"€ 26,100","39,664",2.30%,NA
313,Gelderland,WestBetuwe,"€ 469,000",                21.50%            ,16,                -38.46%            ,"€ 3,423",                1.24%            ,8.47%,                0.65%            ,"€ 45,900","51,128",0.85%,NA
314,Gelderland,Westervoort,"€ 249,750",                -5.75%            ,4,                -60.00%            ,"€ 2,119",                -8.47%            ,20.03%,                4.17%            ,"€ 38,200","14,971",0.18%,NA
315,Gelderland,WestMaasenWaal,"€ 584,500",                16.90%            ,5,                -37.50%            ,"€ 3,436",                5.59%            ,12.83%,                6.02%            ,"€ 41,700","19,324",1.30%,NA
316,Gelderland,Wijchen,"€ 429,250",                24.42%            ,16,                -5.88%            ,"€ 3,474",                30.11%            ,14.23%,                4.48%            ,"€ 41,100","41,110",0.39%,NA
317,Gelderland,Winterswijk,"€ 199,500",                -19.88%            ,11,                -38.89%            ,"€ 2,418",                6.71%            ,13.02%,                -0.77%            ,"€ 36,400","28,854",NA,0.17%
318,Gelderland,Zaltbommel,"€ 359,000",                4.21%            ,12,                -14.29%            ,"€ 2,920",                3.77%            ,13.90%,                7.22%            ,"€ 41,700","28,881",1.51%,NA
319,Gelderland,Zevenaar,"€ 230,000",                -15.44%            ,16,                -60.00%            ,"€ 2,320",                -4.88%            ,15.55%,                0.89%            ,"€ 36,900","43,750",0.60%,NA
320,Gelderland,Zutphen,"€ 265,000",                -19.70%            ,24,                0.00%            ,"€ 2,667",                -3.54%            ,10.67%,                -1.82%            ,"€ 34,500","47,934",0.68%,NA
321,Limburg,Beek,"€ 325,000",                27.70%            ,5,                -37.50%            ,"€ 2,321",                -2.85%            ,11.04%,                -1.56%            ,"€ 39,100","15,865",NA,0.40%
322,Limburg,Beekdaelen,"€ 318,500",                6.88%            ,11,                -26.67%            ,"€ 2,017",                -18.11%            ,9.31%,                3.31%            ,"€ 39,200","35,938",0.59%,NA
323,Limburg,Beesel,€ 0,NA,1,                -50.00%            ,€ 0,NA,9.40%,                4.24%            ,"€ 37,800","13,482",NA,0.27%
324,Limburg,Bergen(L),"€ 334,000",                11.33%            ,6,                -14.29%            ,"€ 2,729",                14.62%            ,9.63%,                1.59%            ,"€ 39,900","13,085",NA,0.42%
325,Limburg,Brunssum,"€ 199,000",                -6.13%            ,16,                -5.88%            ,"€ 2,053",                -6.26%            ,11.42%,                3.37%            ,"€ 32,600","27,821",NA,1.00%
326,Limburg,Echt-Susteren,"€ 319,500",                3.40%            ,9,                -40.00%            ,"€ 2,158",                -3.49%            ,8.63%,                2.06%            ,"€ 38,000","31,610",NA,0.09%
327,Limburg,Eijsden-Margraten,"€ 315,000",                -20.45%            ,8,                -52.94%            ,"€ 2,819",                4.10%            ,10.49%,                -2.14%            ,"€ 44,500","25,768",0.43%,NA
328,Limburg,Gennep,"€ 405,000",                37.29%            ,6,                -45.45%            ,"€ 2,612",                3.73%            ,5.80%,                -0.06%            ,"€ 39,600","16,921",NA,0.88%
329,Limburg,Gulpen-Wittem,"€ 220,000",                -32.31%            ,5,                -44.44%            ,"€ 2,551",                15.38%            ,13.77%,                9.41%            ,"€ 38,700","14,171",NA,0.53%
330,Limburg,Heerlen,"€ 199,500",                -2.44%            ,36,                -52.00%            ,"€ 1,988",                6.25%            ,11.09%,                -1.78%            ,"€ 28,900","87,086",0.29%,NA
331,Limburg,HorstaandeMaas,"€ 307,000",                -5.54%            ,9,                -57.14%            ,"€ 2,407",                -20.01%            ,6.86%,                -0.72%            ,"€ 41,800","42,429",0.33%,NA
332,Limburg,Kerkrade,"€ 215,000",                5.13%            ,24,                -41.46%            ,"€ 1,907",                2.25%            ,788.89%,                782.81%            ,"€ 30,400","45,749",0.23%,NA
333,Limburg,Landgraaf,"€ 247,000",                4.44%            ,8,                -72.41%            ,"€ 2,391",                15.90%            ,8.78%,                -1.14%            ,"€ 34,400","37,445",NA,0.39%
334,Limburg,Leudal,"€ 257,500",                -31.29%            ,12,                0.00%            ,"€ 2,226",                -15.78%            ,7.06%,                1.34%            ,"€ 41,000","35,879",0.55%,NA
335,Limburg,Maasgouw,"€ 375,000",                44.23%            ,5,                -64.29%            ,"€ 2,246",                -16.26%            ,5.88%,                -1.06%            ,"€ 39,900","23,965",1.05%,NA
336,Limburg,Maastricht,"€ 325,000",                -1.22%            ,63,                8.62%            ,"€ 3,172",                5.00%            ,12.92%,                0.43%            ,"€ 28,000","121,575",0.01%,NA
337,Limburg,Meerssen,"€ 325,000",                -2.99%            ,7,                -22.22%            ,"€ 2,609",                -14.71%            ,16.21%,                11.32%            ,"€ 40,800","18,828",NA,0.50%
338,Limburg,MookenMiddelaar,"€ 450,000",                -19.28%            ,3,                -25.00%            ,"€ 3,475",                -7.14%            ,12.94%,                -4.91%            ,"€ 44,100","7,847",0.53%,NA
339,Limburg,Nederweert,"€ 250,000",                -25.26%            ,7,                16.67%            ,"€ 3,125",                14.64%            ,13.57%,                6.08%            ,"€ 41,400","17,019",0.11%,NA
340,Limburg,PeelenMaas,"€ 450,000",                46.46%            ,12,                -25.00%            ,"€ 2,910",                11.67%            ,12.89%,                3.62%            ,"€ 41,900","43,425",0.26%,NA
341,Limburg,Roerdalen,"€ 259,000",                -16.32%            ,9,                -18.18%            ,"€ 2,377",                -4.92%            ,6.10%,                -0.93%            ,"€ 38,500","20,574",NA,0.20%
342,Limburg,Roermond,"€ 257,500",                -5.42%            ,14,                -68.18%            ,"€ 2,762",                17.68%            ,5.92%,                -0.65%            ,"€ 33,300","58,260",0.09%,NA
343,Limburg,Simpelveld,"€ 325,000",                41.92%            ,3,                -40.00%            ,"€ 2,612",                22.86%            ,7.66%,                -5.32%            ,"€ 36,400","10,555",0.37%,NA
344,Limburg,Sittard-Geleen,"€ 245,000",                7.93%            ,45,                -23.73%            ,"€ 2,155",                3.01%            ,12.26%,                1.58%            ,"€ 33,600","92,429",NA,0.25%
345,Limburg,Stein,"€ 279,000",                -6.38%            ,13,                44.44%            ,"€ 2,500",                0.77%            ,9.25%,                -0.14%            ,"€ 37,700","25,007",0.18%,NA
346,Limburg,Vaals,€ 239.000,NA,4,NA,€ 1.886,NA,9.23%,                4.08%            ,"€ 30,000","10,105",0.13%,NA
347,Limburg,ValkenburgaandeGeul,"€ 365,000",                -5.19%            ,4,                -55.56%            ,"€ 3,308",                9.75%            ,12.60%,                5.41%            ,"€ 35,600","16,367",NA,0.63%
348,Limburg,Venlo,"€ 310,000",                14.81%            ,38,                -44.93%            ,"€ 2,658",                14.82%            ,7.84%,                -0.72%            ,"€ 33,700","101,802",0.20%,NA
349,Limburg,Venray,"€ 297,000",                8.99%            ,8,                -33.33%            ,"€ 2,729",                23.09%            ,8.98%,                1.22%            ,"€ 39,100","43,614",0.66%,NA
350,Limburg,Voerendaal,"€ 287,500",                -11.13%            ,2,                -75.00%            ,"€ 2,185",                -12.53%            ,7.69%,                -2.09%            ,"€ 40,800","12,475",0.18%,NA
351,Limburg,Weert,"€ 329,500",                17.05%            ,22,                -33.33%            ,"€ 2,788",                -6.41%            ,8.19%,                -0.35%            ,"€ 37,300","50,105",0.53%,NA
