,Province,City,Gem. vraagprijs,%Δ Vraagprijs (t.o.v vorige maand),Verkochte woningen,%Δ Verkochte woningen (t.o.v vorige maand),Gem. m2 prijs,%Δ M2 prijs (t.o.v vorige maand),% Vraagprijs overboden,%Δ Overboden (t.o.v vorige maand),Besteedbaar inkomen (per huishouden),Aantal inwoners,% Populatie stijging,% Populatie daling
0,Noord-Holland,Aalsmeer,"€ 685,000",                57.47%            ,12,                -7.69%            ,"€ 4,476",                9.22%            ,10.67%,                3.42%            ,"€ 45,800","31,859",0.41%,NA
1,Noord-Holland,Alkmaar,"€ 362,500",                25.00%            ,38,                -39.68%            ,"€ 3,926",                10.62%            ,14.05%,                1.43%            ,"€ 36,300","109,436",0.81%,NA
2,Noord-Holland,Amstelveen,"€ 570,000",                18.13%            ,21,                -56.25%            ,"€ 4,724",                1.88%            ,305.01%,                296.30%            ,"€ 37,800","91,675",0.92%,NA
3,Noord-Holland,Amsterdam,"€ 450,000",                7.78%            ,230,                -27.44%            ,"€ 6,961",                5.90%            ,16.10%,                0.37%            ,"€ 30,100","872,757",1.13%,NA
4,Noord-Holland,Beemster,"€ 612,000",                -12.26%            ,4,                -33.33%            ,"€ 4,311",                -6.89%            ,-0.23%,                -12.10%            ,"€ 47,300","10,022",2.81%,NA
5,Noord-Holland,Bergen(NH),"€ 555,000",                -20.14%            ,6,                -57.14%            ,"€ 5,908",                19.02%            ,10.31%,                3.31%            ,"€ 41,800","29,839",NA,0.45%
6,Noord-Holland,Beverwijk,"€ 307,000",                2.68%            ,12,                -58.62%            ,"€ 3,707",                7.39%            ,15.68%,                3.71%            ,"€ 36,300","41,626",1.09%,NA
7,Noord-Holland,Blaricum,"€ 1,695,000",                99.41%            ,10,                11.11%            ,"€ 9,059",                96.89%            ,6.19%,                5.04%            ,"€ 49,000","11,538",3.02%,NA
8,Noord-Holland,Bloemendaal,"€ 1,195,000",                -20.20%            ,17,                325.00%            ,"€ 6,456",                6.83%            ,12.43%,                2.74%            ,"€ 53,800","23,571",0.69%,NA
9,Noord-Holland,Castricum,"€ 470,000",                66.52%            ,12,                33.33%            ,"€ 3,959",                12.70%            ,12.30%,                -2.17%            ,"€ 45,600","35,986",0.60%,NA
10,Noord-Holland,DenHelder,"€ 197,250",                -0.88%            ,22,                -29.03%            ,"€ 2,078",                5.97%            ,19.17%,                3.99%            ,"€ 33,300","56,296",1.24%,NA
11,Noord-Holland,Diemen,"€ 410,000",                7.33%            ,12,                0.00%            ,"€ 4,773",                10.95%            ,18.20%,                4.47%            ,"€ 34,000","30,780",5.43%,NA
12,Noord-Holland,Drechterland,"€ 365,000",                -15.12%            ,2,                -71.43%            ,"€ 2,799",                -29.14%            ,12.69%,                2.20%            ,"€ 42,700","19,719",0.62%,NA
13,Noord-Holland,Edam-Volendam,"€ 362,500",                5.07%            ,6,                -60.00%            ,"€ 3,597",                -3.85%            ,3.86%,                -1.68%            ,"€ 45,600","36,197",0.27%,NA
14,Noord-Holland,Enkhuizen,"€ 395,000",                61.22%            ,4,                -20.00%            ,"€ 2,870",                23.02%            ,14.01%,                -3.83%            ,"€ 35,600","18,591",0.45%,NA
15,Noord-Holland,GooiseMeren,"€ 537,500",                -6.52%            ,33,                13.79%            ,"€ 4,483",                -0.38%            ,10.99%,                2.86%            ,"€ 42,800","58,055",0.59%,NA
16,Noord-Holland,Haarlem,"€ 500,000",                33.33%            ,101,                31.17%            ,"€ 5,245",                14.59%            ,18.66%,                0.90%            ,"€ 36,300","162,902",1.02%,NA
17,Noord-Holland,Haarlemmermeer,"€ 450,000",                13.92%            ,53,                -20.90%            ,"€ 3,881",                -2.54%            ,14.08%,                0.31%            ,"€ 45,200","156,002",1.14%,NA
18,Noord-Holland,Heemskerk,"€ 325,000",                -17.72%            ,13,                -38.10%            ,"€ 3,414",                -6.59%            ,17.12%,                -0.10%            ,"€ 39,500","39,182",0.05%,NA
19,Noord-Holland,Heemstede,"€ 775,000",                10.71%            ,17,                54.55%            ,"€ 5,515",                8.82%            ,17.48%,                4.48%            ,"€ 47,600","27,234",NA,0.19%
20,Noord-Holland,Heerhugowaard,"€ 350,000",                7.69%            ,21,                -27.59%            ,"€ 2,989",                5.62%            ,16.59%,                1.66%            ,"€ 41,800","57,587",1.49%,NA
21,Noord-Holland,Heiloo,"€ 525,000",                32.91%            ,16,                77.78%            ,"€ 4,354",                5.17%            ,7.00%,                -0.53%            ,"€ 44,000","23,968",2.15%,NA
22,Noord-Holland,Hilversum,"€ 454,500",                29.86%            ,46,                9.52%            ,"€ 4,232",                7.52%            ,13.58%,                4.13%            ,"€ 36,500","90,831",0.66%,NA
23,Noord-Holland,HollandsKroon,"€ 225,000",                -18.18%            ,17,                -39.29%            ,"€ 2,433",                -18.60%            ,11.23%,                -2.55%            ,"€ 39,900","48,432",1.29%,NA
24,Noord-Holland,Hoorn,"€ 372,000",                28.50%            ,20,                -45.95%            ,"€ 3,015",                -4.38%            ,14.77%,                1.44%            ,"€ 37,400","73,261",0.35%,NA
25,Noord-Holland,Huizen,"€ 522,500",                15.15%            ,14,                75.00%            ,"€ 4,875",                20.34%            ,8.32%,                -3.36%            ,"€ 40,700","41,273",0.00%,NA
26,Noord-Holland,Koggenland,"€ 425,000",                46.55%            ,7,                -53.33%            ,"€ 3,320",                6.24%            ,15.81%,                3.88%            ,"€ 44,100","22,749",0.05%,NA
27,Noord-Holland,Landsmeer,"€ 650,000",                -18.55%            ,4,                300.00%            ,"€ 4,677",                -8.56%            ,13.12%,                -2.61%            ,"€ 46,800","11,491",0.03%,NA
28,Noord-Holland,Langedijk,"€ 399,000",                25.77%            ,7,                -50.00%            ,"€ 3,324",                17.62%            ,8.28%,                -0.59%            ,"€ 43,800","28,163",0.61%,NA
29,Noord-Holland,Laren,"€ 890,000",                14.10%            ,8,                0.00%            ,"€ 6,376",                -5.18%            ,8.98%,                0.77%            ,"€ 48,800","11,282",0.76%,NA
30,Noord-Holland,Medemblik,"€ 387,000",                0.78%            ,10,                -60.00%            ,"€ 3,131",                -7.80%            ,14.97%,                4.30%            ,"€ 40,500","45,101",0.65%,NA
31,Noord-Holland,Oostzaan,"€ 587,500",                48.73%            ,2,                -66.67%            ,"€ 4,478",                18.81%            ,7.78%,                -5.15%            ,"€ 46,000","9,735",NA,0.23%
32,Noord-Holland,Opmeer,"€ 642,500",                133.64%            ,2,                100.00%            ,"€ 3,006",                20.24%            ,14.55%,                0.21%            ,"€ 41,700","11,836",0.48%,NA
33,Noord-Holland,Ouder-Amstel,"€ 417,500",                -16.50%            ,4,                -63.64%            ,"€ 4,796",                -7.68%            ,4.45%,                -1.73%            ,"€ 42,600","14,026",0.79%,NA
34,Noord-Holland,Purmerend,"€ 335,000",                6.35%            ,26,                -42.22%            ,"€ 3,291",                1.26%            ,11.85%,                1.03%            ,"€ 38,200","81,249",1.41%,NA
35,Noord-Holland,Schagen,"€ 388,500",                12.77%            ,11,                -60.71%            ,"€ 3,298",                -1.05%            ,8.72%,                -0.40%            ,"€ 39,900","46,483",NA,0.15%
36,Noord-Holland,StedeBroec,"€ 290,000",                -4.76%            ,7,                -50.00%            ,"€ 2,992",                8.92%            ,13.11%,                -3.63%            ,"€ 39,400","21,726",0.09%,NA
37,Noord-Holland,Texel,"€ 335,000",                -10.67%            ,4,                -42.86%            ,"€ 4,020",                16.86%            ,2.30%,                2.83%            ,"€ 37,000","13,575",0.21%,NA
38,Noord-Holland,Uitgeest,"€ 487,000",                22.52%            ,4,                -33.33%            ,"€ 3,413",                -3.07%            ,15.14%,                -0.77%            ,"€ 46,700","13,666",1.02%,NA
39,Noord-Holland,Uithoorn,"€ 387,500",                9.15%            ,10,                -23.08%            ,"€ 3,750",                8.41%            ,14.49%,                2.56%            ,"€ 42,000","29,478",0.18%,NA
40,Noord-Holland,Velsen,"€ 325,000",                -5.52%            ,26,                -7.14%            ,"€ 3,873",                14.86%            ,16.49%,                1.37%            ,"€ 38,500","68,648",0.44%,NA
41,Noord-Holland,Waterland,"€ 575,000",                15.00%            ,1,                -83.33%            ,"€ 4,107",                -7.71%            ,-0.74%,                -6.80%            ,"€ 44,400","17,424",0.63%,NA
42,Noord-Holland,Weesp,"€ 289,500",                -3.50%            ,10,                -9.09%            ,"€ 4,255",                -9.53%            ,6.78%,                -0.76%            ,"€ 38,100","19,738",2.09%,NA
43,Noord-Holland,Wijdemeren,"€ 635,000",                64.40%            ,6,                -33.33%            ,"€ 4,713",                14.50%            ,5.32%,                0.82%            ,"€ 45,600","24,358",1.44%,NA
44,Noord-Holland,Wormerland,"€ 297,000",                -24.81%            ,2,                -75.00%            ,"€ 3,643",                6.90%            ,11.28%,                -7.79%            ,"€ 41,300","16,270",NA,0.36%
45,Noord-Holland,Zaanstad,"€ 347,500",                -0.43%            ,58,                -34.09%            ,"€ 3,632",                0.53%            ,15.17%,                0.41%            ,"€ 36,400","156,794",0.58%,NA
46,Noord-Holland,Zandvoort,"€ 477,000",                19.25%            ,8,                -38.46%            ,"€ 4,815",                3.04%            ,9.80%,                2.75%            ,"€ 35,100","17,116",0.62%,NA
47,Zuid-Holland,Alblasserdam,"€ 337,500",                37.76%            ,9,                80.00%            ,"€ 3,187",                -5.90%            ,10.87%,                3.38%            ,"€ 39,800","20,165",0.48%,NA
48,Zuid-Holland,Albrandswaard,"€ 419,500",                -8.80%            ,10,                -47.37%            ,"€ 3,334",                -10.81%            ,7.05%,                0.71%            ,"€ 49,000","25,590",1.26%,NA
49,Zuid-Holland,AlphenaandenRijn,"€ 345,000",                6.15%            ,46,                -19.30%            ,"€ 3,313",                5.41%            ,14.63%,                4.67%            ,"€ 41,700","111,897",0.82%,NA
50,Zuid-Holland,Barendrecht,"€ 412,250",                9.93%            ,26,                -3.70%            ,"€ 3,637",                5.60%            ,8.06%,                1.13%            ,"€ 48,700","48,714",0.08%,NA
51,Zuid-Holland,Bodegraven-Reeuwijk,"€ 385,000",                -3.75%            ,17,                21.43%            ,"€ 3,334",                -3.78%            ,10.63%,                -0.48%            ,"€ 45,600","34,872",1.19%,NA
52,Zuid-Holland,Brielle,"€ 422,500",                51.43%            ,4,                -55.56%            ,"€ 3,611",                33.35%            ,9.90%,                0.98%            ,"€ 44,100","17,271",0.52%,NA
53,Zuid-Holland,CapelleaandenIJssel,"€ 330,000",                -1.79%            ,27,                -43.75%            ,"€ 3,072",                -4.95%            ,10.69%,                -0.87%            ,"€ 35,800","67,122",0.45%,NA
54,Zuid-Holland,Delft,"€ 346,000",                2.06%            ,28,                -49.09%            ,"€ 4,134",                4.39%            ,11.01%,                1.07%            ,"€ 27,000","103,595",0.42%,NA
55,Zuid-Holland,Dordrecht,"€ 275,000",                2.80%            ,42,                -50.00%            ,"€ 2,965",                5.25%            ,11.78%,                -1.30%            ,"€ 35,200","119,284",0.53%,NA
56,Zuid-Holland,Goeree-Overflakkee,"€ 291,250",                -10.38%            ,13,                -65.79%            ,"€ 2,985",                4.44%            ,8.05%,                0.77%            ,"€ 40,600","50,049",0.88%,NA
57,Zuid-Holland,Gorinchem,"€ 290,000",                4.50%            ,15,                -16.67%            ,"€ 2,969",                2.03%            ,8.74%,                0.02%            ,"€ 36,000","37,022",0.93%,NA
58,Zuid-Holland,Gouda,"€ 395,000",                38.60%            ,39,                -13.33%            ,"€ 3,369",                7.81%            ,11.23%,                -0.50%            ,"€ 36,900","73,427",0.34%,NA
59,Zuid-Holland,Hardinxveld-Giessendam,"€ 279,500",                -1.93%            ,5,                -16.67%            ,"€ 3,681",                21.25%            ,11.66%,                6.62%            ,"€ 42,700","18,295",1.35%,NA
60,Zuid-Holland,Hellevoetsluis,"€ 264,500",                -10.34%            ,16,                -44.83%            ,"€ 2,389",                -13.32%            ,10.64%,                2.93%            ,"€ 41,100","40,142",0.23%,NA
61,Zuid-Holland,Hendrik-Ido-Ambacht,"€ 497,500",                48.51%            ,10,                -33.33%            ,"€ 3,364",                13.30%            ,9.11%,                1.52%            ,"€ 46,700","31,202",0.76%,NA
62,Zuid-Holland,Hillegom,"€ 395,000",                2.60%            ,17,                30.77%            ,"€ 3,786",                4.88%            ,11.05%,                -0.46%            ,"€ 41,600","22,209",1.11%,NA
63,Zuid-Holland,HoekscheWaard,"€ 407,500",                19.50%            ,32,                -52.24%            ,"€ 3,198",                5.93%            ,7.89%,                0.84%            ,"€ 44,100","87,401",0.86%,NA
64,Zuid-Holland,KaagenBraassem,"€ 360,000",                -26.15%            ,9,                12.50%            ,"€ 3,363",                -26.65%            ,9.00%,                -0.16%            ,"€ 44,200","27,297",1.60%,NA
65,Zuid-Holland,Katwijk,"€ 400,000",                8.40%            ,17,                -50.00%            ,"€ 4,166",                9.26%            ,12.38%,                1.03%            ,"€ 42,200","65,753",0.69%,NA
66,Zuid-Holland,KrimpenaandenIJssel,"€ 287,500",                -16.67%            ,5,                -73.68%            ,"€ 2,946",                -3.38%            ,9.91%,                -0.11%            ,"€ 40,100","29,526",0.51%,NA
67,Zuid-Holland,Krimpenerwaard,"€ 319,000",                -12.60%            ,17,                -22.73%            ,"€ 2,927",                -20.81%            ,6.93%,                -0.80%            ,"€ 41,800","56,319",0.48%,NA
68,Zuid-Holland,Lansingerland,"€ 400,000",                0.00%            ,15,                -54.55%            ,"€ 3,783",                6.71%            ,10.62%,                3.43%            ,"€ 51,800","62,384",1.27%,NA
69,Zuid-Holland,Leiden,"€ 384,500",                -3.87%            ,38,                -35.59%            ,"€ 4,108",                4.32%            ,14.30%,                -1.60%            ,"€ 29,600","125,099",0.16%,NA
70,Zuid-Holland,Leiderdorp,"€ 394,250",                -0.76%            ,10,                -37.50%            ,"€ 3,880",                -2.76%            ,14.88%,                1.18%            ,"€ 42,500","27,056",NA,0.20%
71,Zuid-Holland,Leidschendam-Voorburg,"€ 375,000",                10.62%            ,41,                -28.07%            ,"€ 3,762",                -1.23%            ,12.61%,                1.40%            ,"€ 37,900","76,534",1.47%,NA
72,Zuid-Holland,Lisse,"€ 312,500",                -28.98%            ,8,                -42.86%            ,"€ 4,425",                -1.49%            ,11.26%,                4.15%            ,"€ 40,700","22,955",0.68%,NA
73,Zuid-Holland,Maassluis,"€ 325,000",                -9.47%            ,9,                -57.14%            ,"€ 3,465",                17.82%            ,10.52%,                -0.44%            ,"€ 37,200","33,213",1.36%,NA
74,Zuid-Holland,Midden-Delfland,"€ 399,000",                12.39%            ,9,                80.00%            ,"€ 3,719",                -9.91%            ,8.67%,                -1.08%            ,"€ 50,100","19,341",NA,0.26%
75,Zuid-Holland,Molenlanden,"€ 289,000",                -32.00%            ,13,                8.33%            ,"€ 3,391",                7.14%            ,3.41%,                -1.16%            ,"€ 45,300","43,909",0.12%,NA
76,Zuid-Holland,Nieuwkoop,"€ 417,000",                31.34%            ,11,                -21.43%            ,"€ 3,110",                -12.66%            ,14.31%,                3.86%            ,"€ 45,800","28,811",0.65%,NA
77,Zuid-Holland,Nissewaard,"€ 295,000",                3.51%            ,12,                -73.33%            ,"€ 2,926",                3.58%            ,10.39%,                1.85%            ,"€ 38,000","85,219",0.50%,NA
78,Zuid-Holland,Noordwijk,"€ 492,000",                3.58%            ,14,                -6.67%            ,"€ 3,946",                -10.52%            ,8.89%,                4.85%            ,"€ 40,400","43,508",1.51%,NA
79,Zuid-Holland,Oegstgeest,"€ 545,000",                11.79%            ,12,                -14.29%            ,"€ 4,522",                3.24%            ,10.05%,                2.49%            ,"€ 48,900","24,840",1.69%,NA
80,Zuid-Holland,Papendrecht,"€ 372,500",                24.17%            ,17,                21.43%            ,"€ 3,134",                7.33%            ,10.23%,                0.77%            ,"€ 41,100","32,136",NA,0.48%
81,Zuid-Holland,Pijnacker-Nootdorp,"€ 452,000",                6.35%            ,14,                -63.16%            ,"€ 3,776",                0.91%            ,13.05%,                2.81%            ,"€ 50,600","55,308",1.80%,NA
82,Zuid-Holland,Ridderkerk,"€ 325,000",                3.37%            ,10,                -66.67%            ,"€ 3,261",                -5.81%            ,9.93%,                2.43%            ,"€ 36,900","46,189",NA,0.11%
83,Zuid-Holland,Rijswijk,"€ 266,750",                -11.08%            ,17,                -55.26%            ,"€ 3,454",                2.37%            ,12.69%,                0.20%            ,"€ 34,800","54,450",1.84%,NA
84,Zuid-Holland,Rotterdam,"€ 375,000",                15.38%            ,211,                -39.37%            ,"€ 4,089",                14.51%            ,11.71%,                -0.33%            ,"€ 29,300","651,157",1.01%,NA
85,Zuid-Holland,Schiedam,"€ 290,000",                23.40%            ,21,                -65.57%            ,"€ 3,187",                14.72%            ,14.29%,                1.71%            ,"€ 32,800","78,730",0.94%,NA
86,Zuid-Holland,'s-Gravenhage,"€ 350,000",                0.00%            ,222,                -24.23%            ,"€ 3,764",                3.89%            ,80.48%,                69.01%            ,"€ 31,500","545,838",1.49%,NA
87,Zuid-Holland,Sliedrecht,"€ 324,000",                7.28%            ,4,                -76.47%            ,"€ 3,049",                1.60%            ,8.26%,                -1.11%            ,"€ 37,600","25,220",0.78%,NA
88,Zuid-Holland,Teylingen,"€ 390,000",                -2.50%            ,15,                0.00%            ,"€ 3,698",                -5.88%            ,10.86%,                1.54%            ,"€ 46,000","37,440",1.02%,NA
89,Zuid-Holland,Vlaardingen,"€ 339,000",                54.79%            ,17,                -62.22%            ,"€ 2,946",                6.89%            ,11.80%,                -0.33%            ,"€ 33,400","73,397",1.37%,NA
90,Zuid-Holland,Voorschoten,"€ 439,000",                59.64%            ,11,                -35.29%            ,"€ 4,028",                -3.13%            ,8.74%,                1.25%            ,"€ 45,000","25,596",0.46%,NA
91,Zuid-Holland,Waddinxveen,"€ 325,000",                0.00%            ,12,                -14.29%            ,"€ 2,994",                -6.17%            ,10.05%,                -1.06%            ,"€ 42,800","29,291",3.44%,NA
92,Zuid-Holland,Wassenaar,"€ 750,000",                34.65%            ,11,                -50.00%            ,"€ 5,282",                14.30%            ,2.18%,                1.40%            ,"€ 44,900","26,305",0.36%,NA
93,Zuid-Holland,Westland,"€ 394,000",                1.03%            ,38,                -19.15%            ,"€ 3,820",                -0.52%            ,10.09%,                2.49%            ,"€ 43,000","110,375",1.63%,NA
94,Zuid-Holland,Westvoorne,"€ 695,000",                -19.42%            ,3,                -57.14%            ,"€ 5,500",                21.01%            ,6.38%,                4.35%            ,"€ 45,900","14,731",0.72%,NA
95,Zuid-Holland,Zoetermeer,"€ 265,000",                -18.46%            ,35,                -49.28%            ,"€ 3,176",                -0.35%            ,14.54%,                0.94%            ,"€ 39,200","125,285",0.27%,NA
96,Zuid-Holland,Zoeterwoude,"€ 947,500",                128.86%            ,2,                -75.00%            ,"€ 4,325",                22.18%            ,8.87%,                2.93%            ,"€ 47,200","8,605",1.83%,NA
97,Zuid-Holland,Zuidplas,"€ 440,750",                10.19%            ,18,                -21.74%            ,"€ 3,569",                10.39%            ,7.87%,                -0.85%            ,"€ 46,100","43,885",2.63%,NA
98,Zuid-Holland,Zwijndrecht,"€ 319,000",                8.14%            ,9,                -70.97%            ,"€ 3,016",                6.57%            ,10.59%,                0.33%            ,"€ 36,500","44,737",0.22%,NA
99,Zeeland,Borsele,"€ 205,000",                -34.92%            ,7,                -53.33%            ,"€ 2,412",                5.79%            ,10.93%,                2.49%            ,"€ 41,500","22,739",NA,0.27%
100,Zeeland,Goes,"€ 354,500",                22.66%            ,12,                -58.62%            ,"€ 2,897",                6.08%            ,10.31%,                1.69%            ,"€ 36,600","38,082",1.14%,NA
101,Zeeland,Hulst,"€ 200,000",                -36.51%            ,9,                -57.14%            ,"€ 2,195",                -5.63%            ,5.41%,                -1.70%            ,"€ 37,600","27,556",0.12%,NA
102,Zeeland,Kapelle,"€ 399,750",                70.11%            ,6,                -25.00%            ,"€ 2,961",                10.53%            ,8.04%,                0.91%            ,"€ 43,700","12,695",NA,0.70%
103,Zeeland,Middelburg,"€ 279,500",                9.93%            ,27,                -38.64%            ,"€ 2,837",                0.53%            ,12.63%,                2.70%            ,"€ 35,700","48,822",0.57%,NA
104,Zeeland,Noord-Beveland,"€ 275,000",                -21.43%            ,7,                -41.67%            ,"€ 3,182",                -2.24%            ,52.34%,                46.33%            ,"€ 36,800","7,392",1.15%,NA
105,Zeeland,Reimerswaal,"€ 372,000",                90.77%            ,7,                75.00%            ,"€ 3,246",                61.49%            ,10.28%,                -4.35%            ,"€ 38,900","22,730",0.23%,NA
106,Zeeland,Schouwen-Duiveland,"€ 390,000",                -11.36%            ,6,                -60.00%            ,"€ 3,635",                6.44%            ,10.73%,                3.17%            ,"€ 38,700","33,839",0.18%,NA
107,Zeeland,Sluis,"€ 308,250",                -20.35%            ,15,                -16.67%            ,"€ 2,534",                -19.89%            ,3.32%,                2.57%            ,"€ 35,200","23,210",NA,0.75%
108,Zeeland,Terneuzen,"€ 239,000",                4.03%            ,24,                -33.33%            ,"€ 2,034",                -8.13%            ,6.74%,                -0.95%            ,"€ 35,600","54,426",NA,0.30%
109,Zeeland,Tholen,"€ 245,000",                8.89%            ,18,                12.50%            ,"€ 2,410",                1.64%            ,9.57%,                0.61%            ,"€ 39,000","25,757",NA,0.09%
110,Zeeland,Veere,"€ 499,000",                2.89%            ,9,                -10.00%            ,"€ 3,772",                2.22%            ,8.95%,                0.75%            ,"€ 42,400","21,880",0.21%,NA
111,Zeeland,Vlissingen,"€ 275,000",                25.28%            ,21,                -55.32%            ,"€ 2,612",                9.20%            ,11.34%,                1.15%            ,"€ 32,200","44,360",NA,0.02%
112,Noord-Brabant,Alphen-Chaam,"€ 589,500",                93.60%            ,6,                200.00%            ,"€ 3,358",                38.19%            ,7.15%,                5.52%            ,"€ 45,700","10,203",0.53%,NA
113,Noord-Brabant,Altena,"€ 339,000",                -2.87%            ,17,                -34.62%            ,"€ 2,696",                -9.95%            ,8.45%,                -0.34%            ,"€ 43,400","55,967",1.05%,NA
114,Noord-Brabant,Asten,"€ 275,000",                -40.86%            ,1,                -85.71%            ,"€ 2,523",                -10.18%            ,6.04%,                -1.11%            ,"€ 40,200","16,721",0.07%,NA
115,Noord-Brabant,Baarle-Nassau,€ 0,NA,0,                -100.00%            ,€ 0,NA,13.37%,                -1.65%            ,"€ 37,700","6,859",0.18%,NA
116,Noord-Brabant,Bergeijk,"€ 442,500",                36.15%            ,8,                -27.27%            ,"€ 3,564",                4.00%            ,6.10%,                2.74%            ,"€ 43,600","18,635",0.78%,NA
117,Noord-Brabant,BergenopZoom,"€ 299,000",                4.55%            ,15,                -70.00%            ,"€ 2,941",                14.39%            ,8.14%,                0.39%            ,"€ 36,800","67,496",1.03%,NA
118,Noord-Brabant,Bernheze,"€ 410,000",                15.49%            ,4,                -50.00%            ,"€ 2,917",                5.65%            ,7.07%,                -1.36%            ,"€ 44,600","31,240",1.41%,NA
119,Noord-Brabant,Best,"€ 595,000",                61.03%            ,7,                -53.33%            ,"€ 3,580",                28.09%            ,7.02%,                -1.12%            ,"€ 44,500","29,988",0.56%,NA
120,Noord-Brabant,Bladel,"€ 362,000",                -21.65%            ,7,                16.67%            ,"€ 3,134",                -7.88%            ,1.35%,                -2.35%            ,"€ 42,700","20,390",1.07%,NA
121,Noord-Brabant,Boekel,"€ 769,000",                129.55%            ,3,                -50.00%            ,"€ 2,601",                -10.28%            ,5.36%,                0.32%            ,"€ 45,100","10,785",1.86%,NA
122,Noord-Brabant,Boxmeer,"€ 300,000",                -24.05%            ,4,                -63.64%            ,"€ 2,433",                -17.66%            ,10.26%,                3.23%            ,"€ 41,800","29,365",1.03%,NA
123,Noord-Brabant,Boxtel,"€ 300,000",                -20.00%            ,9,                -40.00%            ,"€ 3,290",                -0.12%            ,6.38%,                -0.90%            ,"€ 38,400","30,801",0.18%,NA
124,Noord-Brabant,Breda,"€ 350,000",                -6.67%            ,52,                -50.00%            ,"€ 3,656",                4.79%            ,10.22%,                1.69%            ,"€ 35,500","184,069",0.11%,NA
125,Noord-Brabant,Cranendonck,"€ 325,000",                12.36%            ,8,                -50.00%            ,"€ 2,686",                -5.99%            ,9.92%,                -1.79%            ,"€ 40,500","21,138",3.41%,NA
126,Noord-Brabant,Cuijk,"€ 312,500",                -7.82%            ,10,                -33.33%            ,"€ 2,692",                6.19%            ,13.82%,                5.08%            ,"€ 38,400","25,130",0.80%,NA
127,Noord-Brabant,Deurne,"€ 325,000",                16.49%            ,13,                44.44%            ,"€ 2,604",                6.63%            ,5.52%,                -4.36%            ,"€ 40,000","32,471",0.34%,NA
128,Noord-Brabant,Dongen,"€ 305,000",                1.70%            ,12,                -42.86%            ,"€ 2,970",                10.57%            ,13.23%,                2.40%            ,"€ 41,700","26,222",0.66%,NA
129,Noord-Brabant,Drimmelen,"€ 397,500",                28.23%            ,4,                -73.33%            ,"€ 3,583",                23.04%            ,8.15%,                -0.31%            ,"€ 43,500","27,272",0.45%,NA
130,Noord-Brabant,Eersel,"€ 450,000",                3.51%            ,3,                -70.00%            ,"€ 3,598",                17.97%            ,11.34%,                6.12%            ,"€ 45,200","19,313",1.06%,NA
131,Noord-Brabant,Eindhoven,"€ 350,000",                3.02%            ,72,                -32.08%            ,"€ 3,571",                8.08%            ,9.66%,                -0.65%            ,"€ 31,600","234,394",1.19%,NA
132,Noord-Brabant,Etten-Leur,"€ 322,000",                -5.99%            ,11,                -52.17%            ,"€ 2,873",                0.91%            ,8.33%,                1.27%            ,"€ 40,300","43,878",0.24%,NA
133,Noord-Brabant,Geertruidenberg,"€ 342,000",                30.29%            ,8,                -11.11%            ,"€ 3,231",                7.16%            ,6.70%,                4.34%            ,"€ 40,300","21,544",0.13%,NA
134,Noord-Brabant,Geldrop-Mierlo,"€ 369,000",                -1.60%            ,8,                -72.41%            ,"€ 3,020",                -3.79%            ,10.56%,                -0.35%            ,"€ 39,400","39,726",0.33%,NA
135,Noord-Brabant,Gemert-Bakel,"€ 378,250",                -11.00%            ,6,                0.00%            ,"€ 2,565",                -7.70%            ,8.81%,                9.75%            ,"€ 40,500","30,723",0.91%,NA
136,Noord-Brabant,GilzeenRijen,"€ 375,000",                30.66%            ,2,                -83.33%            ,"€ 3,044",                7.49%            ,7.28%,                -6.01%            ,"€ 40,600","26,431",0.00%,NA
137,Noord-Brabant,Goirle,"€ 525,000",                61.54%            ,7,                -53.33%            ,"€ 3,403",                8.38%            ,10.31%,                3.86%            ,"€ 44,000","23,904",0.47%,NA
138,Noord-Brabant,Grave,"€ 671,500",                149.63%            ,2,                -84.62%            ,"€ 4,142",                55.71%            ,10.69%,                5.96%            ,"€ 40,600","12,436",NA,0.38%
139,Noord-Brabant,Halderberge,"€ 330,000",                -5.71%            ,6,                -45.45%            ,"€ 2,810",                -5.67%            ,6.94%,                -0.13%            ,"€ 39,100","30,284",0.30%,NA
140,Noord-Brabant,Heeze-Leende,"€ 303,750",                -11.83%            ,2,                -66.67%            ,"€ 2,575",                -0.96%            ,10.87%,                5.59%            ,"€ 47,100","16,152",1.18%,NA
141,Noord-Brabant,Helmond,"€ 300,000",                0.33%            ,24,                -52.00%            ,"€ 2,992",                4.73%            ,8.80%,                1.25%            ,"€ 35,700","92,423",0.98%,NA
142,Noord-Brabant,Heusden,"€ 352,500",                -18.50%            ,8,                -71.43%            ,"€ 3,017",                -1.89%            ,7.47%,                2.15%            ,"€ 42,500","44,692",1.26%,NA
143,Noord-Brabant,Hilvarenbeek,"€ 335,000",                -21.18%            ,5,                -28.57%            ,"€ 2,843",                -3.33%            ,2.29%,                -4.24%            ,"€ 46,100","15,518",1.20%,NA
144,Noord-Brabant,Laarbeek,"€ 339,500",                -4.90%            ,8,                -42.86%            ,"€ 3,136",                12.40%            ,9.75%,                1.47%            ,"€ 41,900","22,523",0.85%,NA
145,Noord-Brabant,Landerd,"€ 492,000",                51.38%            ,4,                0.00%            ,"€ 3,238",                30.14%            ,6.12%,                -0.12%            ,"€ 44,700","15,730",1.29%,NA
146,Noord-Brabant,LoonopZand,"€ 415,000",                10.67%            ,5,                66.67%            ,"€ 3,242",                -7.50%            ,8.49%,                3.40%            ,"€ 41,200","23,408",0.35%,NA
147,Noord-Brabant,Meierijstad,"€ 375,000",                15.38%            ,28,                -37.78%            ,"€ 3,174",                12.87%            ,7.13%,                0.18%            ,"€ 41,800","81,194",0.47%,NA
148,Noord-Brabant,MillenSintHubert,"€ 435,000",                46.22%            ,3,                -50.00%            ,"€ 2,740",                0.37%            ,8.25%,                7.03%            ,"€ 41,300","10,939",0.44%,NA
149,Noord-Brabant,Moerdijk,"€ 365,000",                12.31%            ,10,                -60.00%            ,"€ 2,544",                -0.78%            ,4.88%,                -5.68%            ,"€ 40,800","37,129",0.45%,NA
150,Noord-Brabant,"Nuenen,GerwenenNederwetten","€ 715,000",                94.16%            ,2,                -88.89%            ,"€ 3,855",                15.45%            ,7.69%,                4.24%            ,"€ 46,300","23,383",0.85%,NA
151,Noord-Brabant,Oirschot,"€ 450,000",                -14.29%            ,9,                -30.77%            ,"€ 4,381",                21.97%            ,0.85%,                -0.74%            ,"€ 45,800","18,714",0.49%,NA
152,Noord-Brabant,Oisterwijk,"€ 489,000",                15.74%            ,19,                5.56%            ,"€ 3,652",                4.64%            ,5.82%,                1.66%            ,"€ 43,500","26,245",0.40%,NA
153,Noord-Brabant,Oosterhout,"€ 339,000",                -11.72%            ,29,                16.00%            ,"€ 3,080",                0.39%            ,7.72%,                0.85%            ,"€ 38,800","55,982",0.66%,NA
154,Noord-Brabant,Oss,"€ 306,500",                -18.27%            ,37,                -38.33%            ,"€ 2,958",                2.53%            ,7.73%,                2.22%            ,"€ 38,400","91,915",0.51%,NA
155,Noord-Brabant,Reusel-DeMierden,"€ 325,000",                1.56%            ,3,                -57.14%            ,"€ 2,851",                -2.26%            ,3.72%,                1.40%            ,"€ 43,600","13,112",0.40%,NA
156,Noord-Brabant,Roosendaal,"€ 285,000",                12.98%            ,20,                -61.54%            ,"€ 2,549",                0.08%            ,10.70%,                0.55%            ,"€ 36,300","77,251",0.28%,NA
157,Noord-Brabant,Rucphen,"€ 450,000",                -1.53%            ,5,                -68.75%            ,"€ 2,642",                -11.61%            ,2.17%,                -1.76%            ,"€ 39,400","22,878",1.36%,NA
158,Noord-Brabant,'s-Hertogenbosch,"€ 389,000",                11.14%            ,65,                -35.64%            ,"€ 3,774",                10.16%            ,9.63%,                1.29%            ,"€ 37,000","155,111",0.59%,NA
159,Noord-Brabant,SintAnthonis,"€ 265,000",                -39.43%            ,1,                -87.50%            ,"€ 2,760",                -6.63%            ,6.64%,                -13.40%            ,"€ 44,100","11,664",0.50%,NA
160,Noord-Brabant,Sint-Michielsgestel,"€ 470,000",                17.79%            ,2,                -88.24%            ,"€ 3,893",                6.34%            ,7.43%,                -0.11%            ,"€ 46,000","29,208",0.75%,NA
161,Noord-Brabant,Someren,"€ 359,500",                2.71%            ,2,                -80.00%            ,"€ 2,918",                -3.31%            ,9.19%,                4.32%            ,"€ 41,100","19,368",0.24%,NA
162,Noord-Brabant,SonenBreugel,"€ 394,150",                -22.98%            ,4,                -42.86%            ,"€ 3,950",                16.79%            ,13.17%,                -0.42%            ,"€ 46,800","17,322",2.47%,NA
163,Noord-Brabant,Steenbergen,"€ 357,250",                19.88%            ,10,                -37.50%            ,"€ 2,845",                6.51%            ,8.89%,                3.36%            ,"€ 36,100","24,416",NA,2.55%
164,Noord-Brabant,Tilburg,"€ 300,000",                -4.76%            ,53,                -57.26%            ,"€ 3,252",                13.07%            ,11.15%,                0.52%            ,"€ 31,600","219,789",1.16%,NA
165,Noord-Brabant,Uden,"€ 325,000",                -6.88%            ,17,                30.77%            ,"€ 2,824",                -16.70%            ,8.41%,                2.34%            ,"€ 38,300","42,119",0.81%,NA
166,Noord-Brabant,Valkenswaard,"€ 314,500",                -9.89%            ,4,                -78.95%            ,"€ 3,070",                -9.04%            ,7.26%,                -5.16%            ,"€ 37,400","31,193",0.92%,NA
167,Noord-Brabant,Veldhoven,"€ 359,000",                -7.95%            ,14,                -53.33%            ,"€ 3,364",                -5.61%            ,8.28%,                -0.13%            ,"€ 42,000","45,466",0.28%,NA
168,Noord-Brabant,Vught,"€ 525,000",                40.00%            ,11,                -38.89%            ,"€ 4,016",                12.62%            ,11.00%,                4.11%            ,"€ 43,500","26,558",0.61%,NA
169,Noord-Brabant,Waalre,"€ 369,000",                -17.54%            ,5,                25.00%            ,"€ 3,291",                -11.86%            ,10.70%,                0.06%            ,"€ 47,300","17,456",1.21%,NA
170,Noord-Brabant,Waalwijk,"€ 380,000",                33.33%            ,14,                -39.13%            ,"€ 3,009",                9.54%            ,7.04%,                1.56%            ,"€ 37,500","48,637",0.82%,NA
171,Noord-Brabant,Woensdrecht,"€ 322,000",                1.58%            ,6,                -64.71%            ,"€ 2,566",                -5.63%            ,6.35%,                -0.67%            ,"€ 38,800","21,876",0.05%,NA
172,Noord-Brabant,Zundert,"€ 442,500",                45.08%            ,4,                -60.00%            ,"€ 3,344",                -2.02%            ,6.52%,                2.45%            ,"€ 40,700","21,829",1.00%,NA
173,Utrecht,Amersfoort,"€ 372,250",                -0.73%            ,67,                -5.63%            ,"€ 3,846",                -0.85%            ,13.50%,                -0.98%            ,"€ 40,300","157,276",0.63%,NA
174,Utrecht,Baarn,"€ 350,000",                -10.14%            ,13,                -13.33%            ,"€ 4,696",                -3.20%            ,6.20%,                1.27%            ,"€ 40,300","24,868",0.41%,NA
175,Utrecht,Bunnik,"€ 600,000",                34.98%            ,11,                37.50%            ,"€ 4,138",                14.12%            ,7.39%,                -0.41%            ,"€ 48,500","15,191",NA,0.01%
176,Utrecht,Bunschoten,"€ 508,750",                29.78%            ,6,                -25.00%            ,"€ 5,029",                29.01%            ,0.02%,                0.15%            ,"€ 46,200","21,866",1.34%,NA
177,Utrecht,DeBilt,"€ 485,000",                13.32%            ,19,                -17.39%            ,"€ 4,942",                9.55%            ,9.06%,                -0.85%            ,"€ 42,100","43,137",0.73%,NA
178,Utrecht,DeRondeVenen,"€ 560,000",                24.44%            ,12,                -52.00%            ,"€ 4,324",                7.48%            ,6.61%,                1.41%            ,"€ 45,800","44,456",0.90%,NA
179,Utrecht,Eemnes,€ 0,NA,0,                -100.00%            ,€ 0,NA,6.99%,                2.87%            ,"€ 46,300","9,247",1.47%,NA
180,Utrecht,Houten,"€ 500,000",                15.74%            ,11,                -31.25%            ,"€ 3,993",                9.55%            ,11.87%,                -0.83%            ,"€ 49,200","50,146",0.47%,NA
181,Utrecht,IJsselstein,"€ 379,000",                3.84%            ,15,                -11.76%            ,"€ 3,296",                -9.33%            ,13.58%,                0.76%            ,"€ 44,000","34,109",NA,0.15%
182,Utrecht,Leusden,"€ 475,000",                26.67%            ,11,                -31.25%            ,"€ 3,583",                0.56%            ,9.98%,                1.81%            ,"€ 46,300","30,401",1.24%,NA
183,Utrecht,Lopik,"€ 295,000",                -10.61%            ,5,                -28.57%            ,"€ 3,516",                -1.98%            ,13.16%,                4.58%            ,"€ 46,100","14,467",NA,0.04%
184,Utrecht,Montfoort,"€ 330,000",                -7.69%            ,6,                200.00%            ,"€ 3,120",                4.35%            ,14.42%,                -0.22%            ,"€ 46,800","13,917",NA,0.56%
185,Utrecht,Nieuwegein,"€ 350,000",                15.89%            ,20,                -52.38%            ,"€ 3,165",                -5.92%            ,18.44%,                1.37%            ,"€ 38,600","63,462",0.68%,NA
186,Utrecht,Oudewater,"€ 487,500",                57.77%            ,4,                33.33%            ,"€ 4,057",                13.42%            ,15.17%,                -7.15%            ,"€ 45,200","10,230",0.28%,NA
187,Utrecht,Renswoude,€ 0,NA,0,                -100.00%            ,€ 0,NA,12.20%,                3.60%            ,"€ 46,400","5,444",3.52%,NA
188,Utrecht,Rhenen,"€ 400,000",                1.27%            ,9,                0.00%            ,"€ 3,925",                -7.60%            ,7.52%,                -3.01%            ,"€ 41,100","20,119",0.57%,NA
189,Utrecht,Soest,"€ 519,000",                33.08%            ,21,                40.00%            ,"€ 4,400",                15.49%            ,9.74%,                1.32%            ,"€ 41,800","46,606",0.89%,NA
190,Utrecht,StichtseVecht,"€ 482,500",                -2.53%            ,33,                0.00%            ,"€ 4,247",                1.05%            ,12.23%,                2.05%            ,"€ 44,000","64,931",0.92%,NA
191,Utrecht,Utrecht,"€ 425,000",                10.39%            ,195,                4.28%            ,"€ 4,983",                6.27%            ,18.07%,                1.17%            ,"€ 32,300","357,597",1.34%,NA
192,Utrecht,UtrechtseHeuvelrug,"€ 562,500",                37.20%            ,18,                -18.18%            ,"€ 4,763",                8.37%            ,4.88%,                -4.31%            ,"€ 43,200","49,580",0.13%,NA
193,Utrecht,Veenendaal,"€ 375,000",                7.14%            ,27,                -27.03%            ,"€ 3,244",                -4.78%            ,9.79%,                2.30%            ,"€ 39,000","66,493",1.38%,NA
194,Utrecht,Vijfheerenlanden,"€ 389,000",                12.75%            ,20,                -4.76%            ,"€ 3,659",                16.16%            ,10.75%,                1.68%            ,"€ 41,500","56,811",1.97%,NA
195,Utrecht,WijkbijDuurstede,"€ 332,000",                -7.78%            ,12,                0.00%            ,"€ 3,403",                5.81%            ,8.91%,                0.50%            ,"€ 45,900","23,914",0.64%,NA
196,Utrecht,Woerden,"€ 400,000",                14.61%            ,21,                -22.22%            ,"€ 3,682",                -8.93%            ,13.39%,                0.60%            ,"€ 44,600","52,299",0.19%,NA
197,Utrecht,Woudenberg,"€ 590,000",                18.00%            ,8,                166.67%            ,"€ 4,045",                29.44%            ,6.48%,                1.57%            ,"€ 46,100","13,362",1.49%,NA
198,Utrecht,Zeist,"€ 569,000",                14.95%            ,44,                10.00%            ,"€ 4,479",                10.62%            ,13.52%,                3.49%            ,"€ 37,700","64,905",1.52%,NA
199,Flevoland,Almere,"€ 350,000",                7.69%            ,74,                -50.34%            ,"€ 3,246",                2.88%            ,16.86%,                0.66%            ,"€ 39,900","211,893",1.92%,NA
200,Flevoland,Dronten,"€ 259,000",                -19.63%            ,33,                17.86%            ,"€ 2,585",                2.70%            ,18.43%,                1.03%            ,"€ 40,400","41,555",1.81%,NA
201,Flevoland,Lelystad,"€ 307,500",                8.85%            ,19,                -34.48%            ,"€ 2,714",                12.80%            ,17.76%,                5.41%            ,"€ 36,300","78,598",0.91%,NA
202,Flevoland,Noordoostpolder,"€ 303,750",                5.10%            ,18,                -25.00%            ,"€ 2,478",                2.91%            ,14.96%,                6.62%            ,"€ 38,600","47,291",0.94%,NA
203,Flevoland,Urk,€ 0,NA,1,                0.00%            ,€ 0,NA,%,NA,"€ 45,500","21,031",1.23%,NA
204,Flevoland,Zeewolde,"€ 414,500",                9.80%            ,8,                -63.64%            ,"€ 3,033",                5.90%            ,9.23%,                -2.52%            ,"€ 43,000","22,653",1.54%,NA
205,Friesland,Achtkarspelen,"€ 239,500",                -21.48%            ,8,                -46.67%            ,"€ 2,521",                1.65%            ,13.01%,                0.19%            ,"€ 35,500","27,843",NA,0.03%
206,Friesland,Ameland,€ 0,NA,0,NA,€ 0,NA,-4.40%,                -4.57%            ,"€ 36,500","3,716",1.17%,NA
207,Friesland,Dantumadiel,"€ 265,000",                -14.52%            ,4,                0.00%            ,"€ 2,454",                -14.49%            ,%,NA,"€ 35,800","18,922",NA,0.01%
208,Friesland,DeFryskeMarren,"€ 359,500",                14.13%            ,25,                0.00%            ,"€ 3,278",                19.68%            ,12.64%,                4.97%            ,"€ 38,800","51,564",0.26%,NA
209,Friesland,Harlingen,"€ 297,000",                32.00%            ,6,                -53.85%            ,"€ 2,673",                26.14%            ,11.83%,                -1.37%            ,"€ 32,300","15,722",NA,0.23%
210,Friesland,Heerenveen,"€ 339,500",                -28.45%            ,28,                3.70%            ,"€ 2,664",                -11.99%            ,11.49%,                3.46%            ,"€ 36,000","50,493",0.47%,NA
211,Friesland,Leeuwarden,"€ 225,000",                -8.16%            ,70,                -13.58%            ,"€ 2,300",                -4.49%            ,14.10%,                0.57%            ,"€ 30,300","124,084",0.79%,NA
212,Friesland,Noardeast-Fryslân,"€ 212,250",                -14.76%            ,25,                13.64%            ,"€ 1,820",                -12.46%            ,11.01%,                4.21%            ,"€ 34,900","45,228",0.10%,NA
213,Friesland,Ooststellingwerf,"€ 309,500",                14.10%            ,12,                -45.45%            ,"€ 2,706",                10.13%            ,9.20%,                -0.77%            ,"€ 36,200","25,469",NA,0.11%
214,Friesland,Opsterland,"€ 360,000",                40.08%            ,15,                7.14%            ,"€ 2,550",                28.66%            ,16.51%,                8.92%            ,"€ 38,800","29,733",0.03%,NA
215,Friesland,Schiermonnikoog,€ 0,NA,0,NA,€ 0,NA,%,NA,-,947,1.18%,NA
216,Friesland,Smallingerland,"€ 260,000",                4.21%            ,33,                -17.50%            ,"€ 2,309",                -0.94%            ,10.73%,                -1.51%            ,"€ 34,700","56,150",0.38%,NA
217,Friesland,Súdwest-Fryslân,"€ 306,000",                -3.16%            ,40,                -29.82%            ,"€ 2,588",                0.23%            ,9.61%,                0.82%            ,"€ 36,100","89,987",0.31%,NA
218,Friesland,Terschelling,€ 0,NA,0,NA,€ 0,NA,-6.47%,NA,"€ 34,600","4,888",NA,0.04%
219,Friesland,Tytsjerksteradiel,"€ 269,500",                -2.88%            ,18,                63.64%            ,"€ 2,404",                -14.20%            ,12.73%,                1.50%            ,"€ 38,900","32,052",0.86%,NA
220,Friesland,Vlieland,€ 0,NA,0,NA,€ 0,NA,%,NA,-,"1,155",1.49%,NA
221,Friesland,Waadhoeke,"€ 299,500",                13.02%            ,28,                -6.67%            ,"€ 2,282",                9.66%            ,8.92%,                -3.44%            ,"€ 35,900","46,090",0.11%,NA
222,Friesland,Weststellingwerf,"€ 220,000",                -20.58%            ,10,                25.00%            ,"€ 2,187",                -23.88%            ,11.36%,                -5.07%            ,"€ 35,600","25,914",0.29%,NA
223,Groningen,Eemsdelta,"€ 200,000",                0.00%            ,24,                -20.00%            ,"€ 1,977",                5.78%            ,17.29%,                2.85%            ,"€ 33,500",0,%,NA
224,Groningen,Groningen,"€ 269,000",                9.80%            ,149,                7.19%            ,"€ 2,950",                -3.34%            ,27.82%,                6.80%            ,"€ 25,400","232,874",0.68%,NA
225,Groningen,HetHogeland,"€ 219,500",                4.52%            ,25,                31.58%            ,"€ 1,991",                -1.24%            ,22.17%,                8.96%            ,"€ 35,100","47,801",NA,0.18%
226,Groningen,Midden-Groningen,"€ 245,000",                7.69%            ,27,                -18.18%            ,"€ 2,051",                2.86%            ,11.98%,                -1.65%            ,"€ 34,100","60,797",NA,0.17%
227,Groningen,Oldambt,"€ 199,500",                -20.04%            ,21,                -12.50%            ,"€ 1,998",                3.47%            ,12.53%,                2.54%            ,"€ 31,900","38,209",0.21%,NA
228,Groningen,Pekela,"€ 125,000",                -37.50%            ,4,                -66.67%            ,"€ 1,167",                -34.77%            ,8.34%,                -5.90%            ,"€ 31,900","12,196",NA,0.15%
229,Groningen,Stadskanaal,"€ 249,500",                13.80%            ,17,                13.33%            ,"€ 2,179",                -6.80%            ,8.71%,                -0.44%            ,"€ 32,200","31,686",NA,0.32%
230,Groningen,Veendam,"€ 272,000",                47.03%            ,8,                -71.43%            ,"€ 1,847",                -1.49%            ,14.17%,                1.14%            ,"€ 33,700","27,384",NA,0.39%
231,Groningen,Westerkwartier,"€ 280,000",                4.09%            ,27,                3.85%            ,"€ 2,545",                -4.75%            ,15.38%,                -0.52%            ,"€ 40,200","63,329",0.47%,NA
232,Groningen,Westerwolde,"€ 341,250",                25.46%            ,14,                -36.36%            ,"€ 2,490",                13.34%            ,14.91%,                5.49%            ,"€ 34,000","25,733",2.12%,NA
233,Drenthe,AaenHunze,"€ 325,000",                -1.29%            ,14,                75.00%            ,"€ 2,731",                11.24%            ,5.78%,                -4.52%            ,"€ 41,400","25,445",0.23%,NA
234,Drenthe,Assen,"€ 250,000",                -2.91%            ,21,                -34.37%            ,"€ 2,574",                6.41%            ,11.92%,                -1.12%            ,"€ 35,500","68,599",0.94%,NA
235,Drenthe,Borger-Odoorn,"€ 325,000",                0.00%            ,7,                -63.16%            ,"€ 2,050",                -16.60%            ,11.48%,                -1.89%            ,"€ 38,200","25,559",0.74%,NA
236,Drenthe,Coevorden,"€ 286,250",                8.02%            ,18,                -40.00%            ,"€ 2,318",                -5.46%            ,10.23%,                -1.34%            ,"€ 37,200","35,297",NA,0.52%
237,Drenthe,DeWolden,"€ 449,500",                38.31%            ,14,                -22.22%            ,"€ 3,162",                4.56%            ,8.13%,                0.25%            ,"€ 42,800","24,330",0.91%,NA
238,Drenthe,Emmen,"€ 245,000",                -2.00%            ,63,                -21.25%            ,"€ 2,055",                1.38%            ,11.98%,                1.40%            ,"€ 34,000","107,048",NA,0.06%
239,Drenthe,Hoogeveen,"€ 279,500",                9.61%            ,21,                -25.00%            ,"€ 2,500",                7.11%            ,6.82%,                -0.89%            ,"€ 35,000","55,699",0.07%,NA
240,Drenthe,Meppel,"€ 317,500",                -20.62%            ,20,                -47.37%            ,"€ 2,570",                -11.35%            ,12.81%,                5.67%            ,"€ 36,600","33,920",1.06%,NA
241,Drenthe,Midden-Drenthe,"€ 339,000",                -12.97%            ,10,                -33.33%            ,"€ 2,801",                17.69%            ,12.81%,                5.35%            ,"€ 39,900","33,185",0.02%,NA
242,Drenthe,Noordenveld,"€ 275,000",                -6.78%            ,17,                13.33%            ,"€ 2,674",                2.53%            ,15.08%,                1.41%            ,"€ 39,500","31,253",NA,0.12%
243,Drenthe,Tynaarlo,"€ 400,000",                -23.30%            ,21,                16.67%            ,"€ 3,076",                -2.75%            ,18.04%,                5.80%            ,"€ 44,000","33,887",0.56%,NA
244,Drenthe,Westerveld,"€ 488,500",                35.98%            ,10,                -37.50%            ,"€ 3,574",                37.62%            ,8.75%,                2.54%            ,"€ 39,300","19,460",0.58%,NA
245,Overijssel,Almelo,"€ 282,250",                12.92%            ,35,                -28.57%            ,"€ 2,235",                4.20%            ,7.68%,                -1.86%            ,"€ 32,900","73,107",0.35%,NA
246,Overijssel,Borne,"€ 299,000",                -30.79%            ,11,                175.00%            ,"€ 2,566",                -22.15%            ,8.29%,                -0.71%            ,"€ 42,900","23,312",0.44%,NA
247,Overijssel,Dalfsen,"€ 480,000",                32.60%            ,13,                8.33%            ,"€ 3,422",                27.59%            ,4.76%,                -2.02%            ,"€ 44,200","28,587",0.31%,NA
248,Overijssel,Deventer,"€ 322,000",                9.15%            ,36,                -35.71%            ,"€ 2,862",                1.56%            ,17.56%,                3.82%            ,"€ 35,200","100,719",0.76%,NA
249,Overijssel,Dinkelland,"€ 438,000",                41.75%            ,9,                0.00%            ,"€ 3,087",                23.98%            ,6.34%,                -6.82%            ,"€ 45,100","26,461",0.42%,NA
250,Overijssel,Enschede,"€ 239,000",                0.42%            ,65,                -17.72%            ,"€ 2,543",                3.84%            ,11.22%,                -0.48%            ,"€ 29,300","159,640",0.41%,NA
251,Overijssel,Haaksbergen,"€ 400,000",                33.33%            ,7,                -12.50%            ,"€ 2,804",                13.75%            ,8.18%,                -4.50%            ,"€ 40,500","24,311",0.14%,NA
252,Overijssel,Hardenberg,"€ 323,750",                -0.38%            ,17,                -29.17%            ,"€ 2,570",                0.43%            ,9.59%,                -0.52%            ,"€ 40,400","60,948",0.62%,NA
253,Overijssel,Hellendoorn,"€ 349,250",                16.42%            ,12,                -57.14%            ,"€ 3,021",                22.95%            ,5.60%,                3.20%            ,"€ 40,900","35,916",0.30%,NA
254,Overijssel,Hengelo(O),"€ 240,000",                -14.89%            ,24,                -42.86%            ,"€ 2,202",                -11.10%            ,10.83%,                3.24%            ,"€ 34,400","81,140",0.57%,NA
255,Overijssel,HofvanTwente,"€ 274,750",                -22.44%            ,12,                -7.69%            ,"€ 2,499",                1.67%            ,12.79%,                4.15%            ,"€ 40,800","35,017",0.22%,NA
256,Overijssel,Kampen,"€ 339,000",                21.18%            ,31,                29.17%            ,"€ 2,545",                1.80%            ,10.83%,                -0.31%            ,"€ 38,400","54,319",1.00%,NA
257,Overijssel,Losser,"€ 273,750",                2.53%            ,6,                -50.00%            ,"€ 2,011",                -10.06%            ,7.41%,                -1.50%            ,"€ 38,800","22,683",0.27%,NA
258,Overijssel,Oldenzaal,"€ 275,000",                -11.86%            ,15,                -6.25%            ,"€ 2,391",                -6.75%            ,5.35%,                -0.52%            ,"€ 37,800","31,836",NA,0.01%
259,Overijssel,Olst-Wijhe,"€ 347,000",                17.63%            ,4,                -66.67%            ,"€ 3,236",                16.78%            ,13.02%,                2.36%            ,"€ 42,000","18,252",1.00%,NA
260,Overijssel,Ommen,"€ 513,100",                54.55%            ,5,                25.00%            ,"€ 3,846",                46.96%            ,8.07%,                -0.75%            ,"€ 40,700","18,009",1.10%,NA
261,Overijssel,Raalte,"€ 394,250",                16.30%            ,8,                -46.67%            ,"€ 2,367",                -8.47%            ,6.82%,                -7.30%            ,"€ 41,200","37,712",0.54%,NA
262,Overijssel,Rijssen-Holten,"€ 349,000",                16.33%            ,10,                42.86%            ,"€ 2,685",                -6.32%            ,9.72%,                1.64%            ,"€ 43,100","38,177",NA,0.32%
263,Overijssel,Staphorst,"€ 270,000",                -18.18%            ,3,                -50.00%            ,"€ 2,455",                0.33%            ,10.95%,                2.50%            ,"€ 45,200","17,145",0.84%,NA
264,Overijssel,Steenwijkerland,"€ 424,500",                52.15%            ,29,                3.57%            ,"€ 2,647",                1.07%            ,8.13%,                -0.25%            ,"€ 37,200","44,126",0.42%,NA
265,Overijssel,Tubbergen,"€ 411,250",                9.67%            ,8,                0.00%            ,"€ 2,841",                8.73%            ,5.26%,                2.89%            ,"€ 46,100","21,275",0.00%,NA
266,Overijssel,Twenterand,"€ 250,000",                -15.25%            ,11,                22.22%            ,"€ 2,016",                -11.97%            ,7.23%,                0.45%            ,"€ 39,500","33,743",NA,0.15%
267,Overijssel,Wierden,"€ 322,000",                6.62%            ,10,                66.67%            ,"€ 3,108",                2.74%            ,9.95%,                2.02%            ,"€ 45,100","24,446",0.39%,NA
268,Overijssel,Zwartewaterland,"€ 257,500",                0.19%            ,11,                22.22%            ,"€ 2,233",                -9.92%            ,7.95%,                1.51%            ,"€ 42,800","22,685",0.81%,NA
269,Overijssel,Zwolle,"€ 349,500",                8.79%            ,65,                0.00%            ,"€ 3,358",                10.50%            ,14.75%,                1.29%            ,"€ 35,500","128,840",1.05%,NA
270,Gelderland,Aalten,"€ 395,000",                73.63%            ,9,                -10.00%            ,"€ 2,632",                24.39%            ,8.58%,                2.81%            ,"€ 39,100","27,121",0.41%,NA
271,Gelderland,Apeldoorn,"€ 300,000",                -7.69%            ,71,                -21.11%            ,"€ 3,132",                3.13%            ,12.02%,                2.56%            ,"€ 37,800","163,818",0.85%,NA
272,Gelderland,Arnhem,"€ 275,000",                -1.79%            ,54,                -44.90%            ,"€ 2,902",                0.62%            ,14.15%,                1.91%            ,"€ 30,100","161,348",1.31%,NA
273,Gelderland,Barneveld,"€ 370,000",                -5.73%            ,30,                -14.29%            ,"€ 3,361",                0.30%            ,10.03%,                -1.14%            ,"€ 43,700","59,082",1.92%,NA
274,Gelderland,BergenDal,"€ 550,000",                98.20%            ,9,                -35.71%            ,"€ 3,351",                14.02%            ,17.23%,                6.94%            ,"€ 37,100","34,992",0.56%,NA
275,Gelderland,Berkelland,"€ 330,000",                -1.79%            ,16,                -27.27%            ,"€ 2,854",                7.66%            ,10.20%,                3.17%            ,"€ 39,400","43,747",NA,0.36%
276,Gelderland,Beuningen,"€ 285,000",                -10.94%            ,7,                -22.22%            ,"€ 2,813",                17.80%            ,16.07%,                1.40%            ,"€ 42,800","25,890",0.03%,NA
277,Gelderland,Bronckhorst,"€ 350,000",                -35.78%            ,17,                13.33%            ,"€ 3,380",                10.21%            ,14.11%,                4.92%            ,"€ 41,800","36,055",NA,0.43%
278,Gelderland,Brummen,"€ 442,500",                17.37%            ,4,                -60.00%            ,"€ 3,516",                5.94%            ,11.39%,                2.78%            ,"€ 40,900","20,726",0.14%,NA
279,Gelderland,Buren,"€ 385,250",                -26.62%            ,14,                -41.67%            ,"€ 3,470",                -9.61%            ,6.83%,                -1.98%            ,"€ 45,300","26,749",0.65%,NA
280,Gelderland,Culemborg,"€ 499,950",                70.92%            ,7,                -30.00%            ,"€ 3,378",                18.15%            ,13.75%,                -1.02%            ,"€ 41,000","28,955",1.40%,NA
281,Gelderland,Doesburg,"€ 350,000",                48.94%            ,3,                -40.00%            ,"€ 2,839",                22.21%            ,17.79%,                5.88%            ,"€ 34,800","11,077",NA,0.64%
282,Gelderland,Doetinchem,"€ 320,000",                16.36%            ,27,                -30.77%            ,"€ 2,746",                15.33%            ,15.86%,                0.27%            ,"€ 36,800","58,001",0.77%,NA
283,Gelderland,Druten,"€ 392,500",                44.30%            ,8,                100.00%            ,"€ 2,895",                12.51%            ,16.03%,                -0.79%            ,"€ 41,700","18,926",0.69%,NA
284,Gelderland,Duiven,"€ 304,250",                14.81%            ,8,                -27.27%            ,"€ 2,521",                7.60%            ,12.12%,                -2.77%            ,"€ 42,300","25,126",NA,0.81%
285,Gelderland,Ede,"€ 335,000",                4.85%            ,38,                -46.48%            ,"€ 3,253",                4.23%            ,10.30%,                2.02%            ,"€ 40,000","117,165",1.26%,NA
286,Gelderland,Elburg,"€ 372,000",                24.00%            ,7,                -53.33%            ,"€ 2,699",                4.29%            ,9.88%,                4.91%            ,"€ 41,700","23,161",0.32%,NA
287,Gelderland,Epe,"€ 499,000",                33.07%            ,13,                -48.00%            ,"€ 3,320",                -6.03%            ,8.03%,                0.54%            ,"€ 39,500","33,178",0.10%,NA
288,Gelderland,Ermelo,"€ 435,000",                12.99%            ,5,                -58.33%            ,"€ 2,799",                -21.57%            ,10.61%,                0.88%            ,"€ 41,000","27,008",0.56%,NA
289,Gelderland,Harderwijk,"€ 392,000",                5.95%            ,16,                -52.94%            ,"€ 3,367",                -0.85%            ,8.67%,                -3.84%            ,"€ 39,600","48,414",1.75%,NA
290,Gelderland,Hattem,"€ 559,000",                53.15%            ,4,                300.00%            ,"€ 3,304",                -24.87%            ,10.35%,                4.91%            ,"€ 42,500","12,209",0.30%,NA
291,Gelderland,Heerde,"€ 545,000",                40.65%            ,7,                -63.16%            ,"€ 4,910",                45.35%            ,10.34%,                1.16%            ,"€ 42,000","18,589",0.23%,NA
292,Gelderland,Heumen,"€ 515,000",                80.70%            ,2,                -71.43%            ,"€ 3,697",                38.78%            ,14.30%,                6.07%            ,"€ 44,300","16,454",NA,0.19%
293,Gelderland,Lingewaard,"€ 390,000",                4.00%            ,11,                -45.00%            ,"€ 2,809",                -5.48%            ,9.37%,                0.62%            ,"€ 42,100","46,601",0.27%,NA
294,Gelderland,Lochem,"€ 319,500",                -39.60%            ,13,                -13.33%            ,"€ 3,024",                -2.01%            ,11.04%,                -0.87%            ,"€ 41,900","33,729",0.41%,NA
295,Gelderland,Maasdriel,"€ 530,000",                32.67%            ,6,                -60.00%            ,"€ 3,083",                -6.83%            ,8.34%,                4.90%            ,"€ 42,800","25,030",1.36%,NA
296,Gelderland,Montferland,"€ 405,000",                29.60%            ,11,                -50.00%            ,"€ 2,725",                5.78%            ,116.11%,                107.00%            ,"€ 38,700","36,011",NA,0.04%
297,Gelderland,Neder-Betuwe,"€ 290,000",                -2.93%            ,10,                0.00%            ,"€ 2,963",                5.41%            ,8.03%,                -0.60%            ,"€ 41,700","24,339",1.30%,NA
298,Gelderland,Nijkerk,"€ 369,000",                -6.52%            ,8,                -50.00%            ,"€ 4,211",                17.53%            ,11.79%,                2.64%            ,"€ 43,900","43,171",0.53%,NA
299,Gelderland,Nijmegen,"€ 339,000",                10.42%            ,85,                4.94%            ,"€ 3,630",                1.77%            ,16.73%,                2.99%            ,"€ 27,500","177,659",0.53%,NA
300,Gelderland,Nunspeet,"€ 349,000",                -25.59%            ,15,                36.36%            ,"€ 3,497",                -8.29%            ,8.62%,                3.81%            ,"€ 41,500","27,851",1.35%,NA
301,Gelderland,Oldebroek,"€ 429,000",                -22.00%            ,6,                50.00%            ,"€ 3,123",                -1.51%            ,7.41%,                0.59%            ,"€ 41,300","23,646",0.20%,NA
302,Gelderland,OostGelre,"€ 244,000",                -15.57%            ,10,                42.86%            ,"€ 2,560",                12.43%            ,7.32%,                -2.04%            ,"€ 41,500","29,627",NA,0.26%
303,Gelderland,OudeIJsselstreek,"€ 325,000",                1.56%            ,16,                -38.46%            ,"€ 2,495",                -5.56%            ,16.04%,                3.75%            ,"€ 36,900","39,388",NA,0.22%
304,Gelderland,Overbetuwe,"€ 510,000",                67.21%            ,11,                -31.25%            ,"€ 3,350",                13.18%            ,10.70%,                1.15%            ,"€ 44,000","47,906",0.76%,NA
305,Gelderland,Putten,"€ 407,500",                -2.28%            ,8,                0.00%            ,"€ 3,325",                -14.08%            ,0.11%,                -2.04%            ,"€ 43,400","24,112",NA,0.36%
306,Gelderland,Renkum,"€ 385,000",                -23.00%            ,10,                -52.38%            ,"€ 3,651",                -9.72%            ,6.31%,                -3.52%            ,"€ 39,000","31,419",0.38%,NA
307,Gelderland,Rheden,"€ 289,000",                -14.37%            ,29,                -3.33%            ,"€ 3,187",                2.34%            ,14.02%,                -2.94%            ,"€ 34,600","43,761",0.28%,NA
308,Gelderland,Rozendaal,€ 837.500,NA,2,NA,€ 4.690,NA,0.00%,NA,-,"1,704",3.02%,NA
309,Gelderland,Scherpenzeel,"€ 385,000",                -2.41%            ,6,                50.00%            ,"€ 3,134",                -2.25%            ,5.92%,                -5.32%            ,"€ 44,000","9,880",0.07%,NA
310,Gelderland,Tiel,"€ 310,000",                12.73%            ,18,                -43.75%            ,"€ 3,033",                1.10%            ,15.49%,                3.20%            ,"€ 36,300","42,159",0.43%,NA
311,Gelderland,Voorst,"€ 450,000",                -17.43%            ,7,                -22.22%            ,"€ 3,333",                -6.03%            ,8.61%,                1.85%            ,"€ 42,700","24,552",0.55%,NA
312,Gelderland,Wageningen,"€ 292,000",                -16.57%            ,8,                -27.27%            ,"€ 3,141",                -1.91%            ,13.11%,                -0.30%            ,"€ 26,100","39,664",2.30%,NA
313,Gelderland,WestBetuwe,"€ 469,000",                21.50%            ,14,                -46.15%            ,"€ 3,312",                -2.04%            ,8.47%,                0.65%            ,"€ 45,900","51,128",0.85%,NA
314,Gelderland,Westervoort,"€ 249,750",                -5.75%            ,4,                -60.00%            ,"€ 2,119",                -8.47%            ,20.03%,                4.17%            ,"€ 38,200","14,971",0.18%,NA
315,Gelderland,WestMaasenWaal,"€ 607,500",                21.50%            ,3,                -62.50%            ,"€ 3,125",                -3.96%            ,12.83%,                6.02%            ,"€ 41,700","19,324",1.30%,NA
316,Gelderland,Wijchen,"€ 365,000",                13.35%            ,9,                -43.75%            ,"€ 3,448",                30.90%            ,15.05%,                5.30%            ,"€ 41,100","41,110",0.39%,NA
317,Gelderland,Winterswijk,"€ 199,500",                -19.88%            ,11,                -38.89%            ,"€ 2,418",                6.71%            ,13.02%,                -0.77%            ,"€ 36,400","28,854",NA,0.17%
318,Gelderland,Zaltbommel,"€ 369,000",                8.53%            ,9,                -30.77%            ,"€ 2,892",                5.05%            ,13.90%,                7.22%            ,"€ 41,700","28,881",1.51%,NA
319,Gelderland,Zevenaar,"€ 232,500",                -14.52%            ,13,                -67.50%            ,"€ 2,329",                -4.51%            ,15.55%,                0.89%            ,"€ 36,900","43,750",0.60%,NA
320,Gelderland,Zutphen,"€ 250,000",                -24.24%            ,19,                -20.83%            ,"€ 2,716",                -1.77%            ,10.67%,                -1.82%            ,"€ 34,500","47,934",0.68%,NA
321,Limburg,Beek,"€ 325,000",                27.70%            ,5,                -37.50%            ,"€ 2,321",                -2.85%            ,11.04%,                -1.56%            ,"€ 39,100","15,865",NA,0.40%
322,Limburg,Beekdaelen,"€ 298,000",                0.00%            ,10,                -33.33%            ,"€ 1,886",                -23.43%            ,9.31%,                3.31%            ,"€ 39,200","35,938",0.59%,NA
323,Limburg,Beesel,€ 0,NA,1,                -50.00%            ,€ 0,NA,9.40%,                4.24%            ,"€ 37,800","13,482",NA,0.27%
324,Limburg,Bergen(L),"€ 399,000",                33.00%            ,5,                -28.57%            ,"€ 3,035",                27.47%            ,9.63%,                1.59%            ,"€ 39,900","13,085",NA,0.42%
325,Limburg,Brunssum,"€ 191,500",                -9.67%            ,14,                -17.65%            ,"€ 2,089",                -4.61%            ,11.42%,                3.37%            ,"€ 32,600","27,821",NA,1.00%
326,Limburg,Echt-Susteren,"€ 304,250",                -3.64%            ,8,                -42.86%            ,"€ 2,022",                -9.73%            ,8.63%,                2.06%            ,"€ 38,000","31,610",NA,0.09%
327,Limburg,Eijsden-Margraten,"€ 352,000",                -10.43%            ,7,                -56.25%            ,"€ 2,877",                9.47%            ,10.49%,                -2.14%            ,"€ 44,500","25,768",0.43%,NA
328,Limburg,Gennep,"€ 475,000",                61.02%            ,5,                -44.44%            ,"€ 3,000",                19.76%            ,5.80%,                -0.06%            ,"€ 39,600","16,921",NA,0.88%
329,Limburg,Gulpen-Wittem,"€ 220,000",                -32.31%            ,5,                -44.44%            ,"€ 2,551",                15.38%            ,13.77%,                9.41%            ,"€ 38,700","14,171",NA,0.53%
330,Limburg,Heerlen,"€ 204,500",                -2.15%            ,30,                -57.14%            ,"€ 2,090",                11.70%            ,11.09%,                -1.78%            ,"€ 28,900","87,086",0.29%,NA
331,Limburg,HorstaandeMaas,"€ 307,000",                -6.26%            ,9,                -50.00%            ,"€ 2,407",                -20.43%            ,6.86%,                -0.72%            ,"€ 41,800","42,429",0.33%,NA
332,Limburg,Kerkrade,"€ 190,000",                -9.52%            ,21,                -43.24%            ,"€ 1,915",                0.95%            ,788.89%,                782.81%            ,"€ 30,400","45,749",0.23%,NA
333,Limburg,Landgraaf,"€ 225,000",                -9.64%            ,7,                -73.08%            ,"€ 2,445",                13.88%            ,8.78%,                -1.14%            ,"€ 34,400","37,445",NA,0.39%
334,Limburg,Leudal,"€ 240,000",                -33.19%            ,11,                10.00%            ,"€ 2,165",                -23.06%            ,7.06%,                1.34%            ,"€ 41,000","35,879",0.55%,NA
335,Limburg,Maasgouw,"€ 375,000",                44.23%            ,5,                -64.29%            ,"€ 2,246",                -16.26%            ,5.88%,                -1.06%            ,"€ 39,900","23,965",1.05%,NA
336,Limburg,Maastricht,"€ 325,000",                -1.22%            ,60,                3.45%            ,"€ 3,151",                4.30%            ,12.92%,                0.43%            ,"€ 28,000","121,575",0.01%,NA
337,Limburg,Meerssen,"€ 325,000",                -2.99%            ,7,                -22.22%            ,"€ 2,609",                -14.71%            ,16.21%,                11.32%            ,"€ 40,800","18,828",NA,0.50%
338,Limburg,MookenMiddelaar,"€ 450,000",                -19.28%            ,3,                -25.00%            ,"€ 3,475",                -7.14%            ,12.94%,                -4.91%            ,"€ 44,100","7,847",0.53%,NA
339,Limburg,Nederweert,"€ 250,000",                -21.63%            ,7,                40.00%            ,"€ 3,125",                16.21%            ,13.57%,                6.08%            ,"€ 41,400","17,019",0.11%,NA
340,Limburg,PeelenMaas,"€ 455,000",                48.09%            ,11,                -31.25%            ,"€ 2,882",                10.59%            ,12.89%,                3.62%            ,"€ 41,900","43,425",0.26%,NA
341,Limburg,Roerdalen,"€ 239,000",                -11.15%            ,7,                -22.22%            ,"€ 2,348",                -6.08%            ,6.10%,                -0.93%            ,"€ 38,500","20,574",NA,0.20%
342,Limburg,Roermond,"€ 299,000",                8.73%            ,11,                -73.17%            ,"€ 2,934",                24.80%            ,5.92%,                -0.65%            ,"€ 33,300","58,260",0.09%,NA
343,Limburg,Simpelveld,"€ 325,000",                41.92%            ,3,                -40.00%            ,"€ 2,612",                22.86%            ,7.66%,                -5.32%            ,"€ 36,400","10,555",0.37%,NA
344,Limburg,Sittard-Geleen,"€ 245,000",                8.89%            ,41,                -26.79%            ,"€ 2,149",                3.57%            ,12.26%,                1.58%            ,"€ 33,600","92,429",NA,0.25%
345,Limburg,Stein,"€ 284,000",                -4.70%            ,12,                33.33%            ,"€ 2,520",                1.57%            ,9.25%,                -0.14%            ,"€ 37,700","25,007",0.18%,NA
346,Limburg,Vaals,€ 239.000,NA,4,NA,€ 1.886,NA,9.23%,                4.08%            ,"€ 30,000","10,105",0.13%,NA
347,Limburg,ValkenburgaandeGeul,"€ 365,000",                -5.19%            ,4,                -55.56%            ,"€ 3,308",                9.75%            ,12.60%,                5.41%            ,"€ 35,600","16,367",NA,0.63%
348,Limburg,Venlo,"€ 319,000",                16.00%            ,32,                -50.00%            ,"€ 2,727",                17.80%            ,7.84%,                -0.72%            ,"€ 33,700","101,802",0.20%,NA
349,Limburg,Venray,"€ 297,000",                8.99%            ,8,                -33.33%            ,"€ 2,729",                23.09%            ,8.98%,                1.22%            ,"€ 39,100","43,614",0.66%,NA
350,Limburg,Voerendaal,"€ 287,500",                -11.13%            ,2,                -75.00%            ,"€ 2,185",                -12.53%            ,7.69%,                -2.09%            ,"€ 40,800","12,475",0.18%,NA
351,Limburg,Weert,"€ 350,000",                21.53%            ,21,                -30.00%            ,"€ 2,799",                -9.62%            ,8.19%,                -0.35%            ,"€ 37,300","50,105",0.53%,NA
